id,is_monomer,SMILES,SIF_minutes,SGF_minutes,source_name
706.0,True,COc1ccc(C[C@H](NC(=O)[C@@H]2CSCC[C@H](NC(C)=O)C(=O)N[C@@H](CCC(N)=O)C(=O)N[C@@H]([C@@H](C)O)C(=O)N[C@@H](Cc3c[nH]c4ccccc34)C(=O)N[C@@H](CCC(N)=O)C(=O)N2)C(=O)N[C@@H](Cc2ccc3ccccc3c2)C(=O)N[C@@](C)(CCCN)C(=O)N[C@@H](CCC(=O)O)C(=O)N[C@@H](CC(N)=O)C(=O)NCC(N)=O)cc1,150,30,WO2017011820A2.csv
966.0,True,CC(=O)N[C@H](CCC(=O)O)C(=O)N[C@H]1CCSC[C@@H](C(=O)N[C@@H](Cc2ccc(OCCN)cc2)C(=O)N[C@@H](Cc2ccc3ccccc3c2)C(=O)N[C@@](C)(CCCCN)C(=O)N[C@@H](CCC(=O)O)C(=O)N[C@@H](CC(N)=O)C(=O)N[C@@H](CC(N)=O)C(N)=O)NC(=O)[C@H](CCC(N)=O)NC(=O)[C@H](Cc2c[nH]c3ccccc23)NC(=O)[C@H]([C@@H](C)O)NC(=O)[C@H](CCC(N)=O)NC1=O,420,90,WO2017011820A2.csv
636.0,True,CC(=O)NCCCC[C@H](NC(=O)C(C)(C)NC(=O)[C@H](Cc1ccc2ccccc2c1)NC(=O)[C@H](Cc1ccc(OCCN)cc1)NC(=O)[C@H]1NC(=O)[C@H](CCC(N)=O)NC(=O)[C@H](Cc2c[nH]c3ccccc23)NC(=O)[C@H]([C@@H](C)O)NC(=O)[C@H](CC(N)=O)NC(=O)[C@@H](NC(C)=O)C(C)(C)SSC1(C)C)C(=O)N[C@@H](CC(N)=O)C(=O)N[C@@H](C)C(N)=O,420,420,WO2017011820A2.csv
823.0,True,CCCCCCCC[C@H](NC(=O)[C@H](Cc1ccc(OC)cc1)NC(=O)[C@@H]1CSCC[C@H](NC(C)=O)C(=O)N[C@@H](CCC(N)=O)C(=O)N[C@@H]([C@@H](C)O)C(=O)N[C@@H](Cc2c[nH]c3ccccc23)C(=O)N[C@@H](CCC(N)=O)C(=O)N1)C(=O)N[C@@](C)(CCCCN)C(=O)N[C@@H](CCCCNC(C)=O)C(=O)N[C@@H](CC(N)=O)C(=O)NCC(N)=O,30,-1,WO2017011820A2.csv
820.0,True,COc1ccc(C[C@H](NC(=O)[C@@H]2CSCC[C@H](NC(C)=O)C(=O)N[C@@H](CCC(N)=O)C(=O)N[C@@H]([C@@H](C)O)C(=O)N[C@@H](Cc3c[nH]c4ccccc34)C(=O)N[C@@H](CCC(N)=O)C(=O)N2)C(=O)N[C@@H](Cc2ccc3ccccc3c2)C(=O)N[C@H](C(=O)N[C@@H](CCCCNC(C)=O)C(=O)N[C@@H](CC(N)=O)C(=O)NCC(N)=O)C2CCCCC2)cc1,420,270,WO2017011820A2.csv
782.0,True,CC(=O)N[C@H]1CCSC[C@@H](C(=O)N[C@@H](Cc2ccc(OCCN)cc2)C(=O)N[C@@H](Cc2c[nH]c3ccccc23)C(=O)N[C@@](C)(CCCCN)C(=O)N[C@@H](CCC(=O)O)C(=O)N[C@@H](CC(N)=O)C(=O)NCC(N)=O)NC(=O)[C@H](CCC(N)=O)NC(=O)[C@H](Cc2c[nH]c3ccccc23)NC(=O)[C@H]([C@@H](C)O)NC(=O)[C@H](CCC(N)=O)NC1=O,420,150,WO2017011820A2.csv
630.0,True,COc1ccc(C[C@H](NC(=O)[C@H]2NC(=O)[C@H](CCC(N)=O)NC(=O)[C@H](Cc3c[nH]c4ccccc34)NC(=O)[C@H]([C@@H](C)O)NC(=O)[C@H](CC(N)=O)NC(=O)[C@@H](NC(C)=O)C(C)(C)SSC2(C)C)C(=O)N[C@@H](Cc2ccc3ccccc3c2)C(=O)NC(C)(C)C(=O)N[C@@H](CCC(=O)O)C(=O)N[C@@H](CC(N)=O)C(=O)N[C@@H](CC(N)=O)C(N)=O)cc1,150,420,WO2017011820A2.csv
798.0,True,CC(=O)N[C@H]1CCSC[C@@H](C(=O)N[C@@H](Cc2ccc3ccccc3c2)C(=O)N[C@@H](Cc2ccc3ccccc3c2)C(=O)N[C@@](C)(CCCCN)C(=O)N[C@@H](CCC(=O)O)C(=O)N[C@@H](CC(N)=O)C(=O)NCC(N)=O)NC(=O)[C@H](CCC(N)=O)NC(=O)[C@H](Cc2c[nH]c3ccccc23)NC(=O)[C@H]([C@@H](C)O)NC(=O)[C@H](CCC(N)=O)NC1=O,270,-1,WO2017011820A2.csv
891.0,True,CC(=O)NCCCC[C@H](NC(=O)[C@](C)(CCCN)NC(=O)[C@H](Cc1ccc2ccccc2c1)NC(=O)[C@H](Cc1ccc(OCCN)cc1)NC(=O)[C@@H]1CSCC[C@H](NC(C)=O)C(=O)N[C@@H](CCC(N)=O)C(=O)N[C@@H]([C@@H](C)O)C(=O)N[C@@H](Cc2c[nH]c3ccccc23)C(=O)N[C@@H](CCC(N)=O)C(=O)N1)C(=O)N[C@@H](CC(N)=O)C(=O)NCC(N)=O,270,270,WO2017011820A2.csv
709.0,True,COc1ccc(C[C@H](NC(=O)[C@@H]2CSCC[C@H](NC(C)=O)C(=O)N[C@@H](CCC(N)=O)C(=O)N[C@@H]([C@@H](C)O)C(=O)N[C@@H](Cc3c[nH]c4ccccc34)C(=O)N[C@@H](CCC(N)=O)C(=O)N2)C(=O)N[C@@H](Cc2c[nH]c3ccccc23)C(=O)N[C@@](C)(CCCCN)C(=O)N[C@@H](CCCCNC(C)=O)C(=O)N[C@@H](CC(N)=O)C(=O)NCC(N)=O)cc1,420,30,WO2017011820A2.csv
913.0,True,CC(=O)N[C@H]1CCSC[C@@H](C(=O)N[C@@H](Cc2ccc(OCCN)cc2)C(=O)N[C@@H](Cc2ccc3ccccc3c2)C(=O)N[C@@](C)(CCCCN)C(=O)N[C@@H](CCC(=O)O)C(=O)N[C@@H](CC(N)=O)C(=O)NCC(N)=O)NC(=O)[C@H](CCC(N)=O)NC(=O)[C@H](Cc2c[nH]c3ccccc23)NC(=O)[C@H]([C@@H](C)O)NC(=O)[C@H]([C@@H](C)O)NC1=O,270,270,WO2017011820A2.csv
560.0,True,CC(=O)N[C@@H]1C(=O)N[C@@H](CCC(N)=O)C(=O)N[C@@H]([C@@H](C)O)C(=O)N[C@@H](Cc2c[nH]c3ccccc23)C(=O)N[C@@H](CCC(N)=O)C(=O)N[C@H](C(=O)N[C@@H](Cc2ccc(O)cc2)C(=O)N[C@@H](Cc2c[nH]c3ccccc23)C(=O)N[C@@](C)(CCCN)C(=O)N[C@@H](CCC(=O)O)C(=O)N[C@@H](CC(N)=O)C(=O)NCC(N)=O)C(C)(C)SSC1(C)C,270,-1,WO2017011820A2.csv
1039.0,True,COc1ccc(C[C@H](NC(=O)[C@@H]2CSCC[C@H](NC(=O)[C@@H](CCCCNC(=O)COCC(=O)NCCCC[C@@H](NC(C)=O)C(=O)N[C@H]3CCSC[C@@H](C(=O)N[C@@H](Cc4ccc(OC)cc4)C(=O)N[C@@H](Cc4ccc5ccccc5c4)C(=O)N[C@@](C)(CC(C)C)C(=O)N[C@@H](CCC(=O)O)C(=O)N[C@@H](CC(N)=O)C(=O)NCC(N)=O)NC(=O)[C@H](CCC(N)=O)NC(=O)[C@H](Cc4c[nH]c5ccccc45)NC(=O)[C@H]([C@@H](C)O)NC(=O)[C@H](CCC(N)=O)NC3=O)NC(C)=O)C(=O)N[C@@H](CCC(N)=O)C(=O)N[C@@H]([C@@H](C)O)C(=O)N[C@@H](Cc3c[nH]c4ccccc34)C(=O)N[C@@H](CCC(N)=O)C(=O)N2)C(=O)N[C@@H](Cc2ccc3ccccc3c2)C(=O)N[C@@](C)(CC(C)C)C(=O)N[C@@H](CCC(=O)O)C(=O)N[C@@H](CC(N)=O)C(=O)NCC(N)=O)cc1,90,30,WO2017011820A2.csv
972.0,True,CC(=O)N[C@H](C(=O)N[C@H]1CCSC[C@@H](C(=O)N[C@@H](Cc2ccc(OCCN)cc2)C(=O)N[C@@H](Cc2ccc3ccccc3c2)C(=O)N[C@@](C)(CCCCN)C(=O)N[C@@H](CCC(=O)O)C(=O)N[C@@H](CC(N)=O)C(=O)N[C@@H](CC(N)=O)C(N)=O)NC(=O)[C@H](CCC(N)=O)NC(=O)[C@H](Cc2c[nH]c3ccccc23)NC(=O)[C@H]([C@@H](C)O)NC(=O)[C@H](CCC(N)=O)NC1=O)[C@@H](C)O,420,150,WO2017011820A2.csv
975.0,True,CC(=O)N[C@H]1CCSC[C@@H](C(=O)N[C@@H](Cc2ccc(OCCN)cc2)C(=O)N[C@@H](Cc2ccc3ccccc3c2)C(=O)NC2(C(=O)N[C@@H](CCC(=O)O)C(=O)N[C@@H](CC(N)=O)C(=O)N[C@@H](CC(N)=O)C(N)=O)CC2)NC(=O)[C@H](CCC(N)=O)NC(=O)[C@H](Cc2c[nH]c3ccccc23)NC(=O)[C@H]([C@@H](C)O)NC(=O)[C@H](CCC(N)=O)NC1=O,30,420,WO2017011820A2.csv
717.0,True,CC(=O)NCCCC[C@H](NC(=O)[C@](C)(CCCCN)NC(=O)[C@H](Cc1ccc2ccccc2c1)NC(=O)[C@H](Cc1c(C)cc(O)cc1C)NC(=O)[C@@H]1CSCC[C@H](NC(C)=O)C(=O)N[C@@H](CCC(N)=O)C(=O)N[C@@H]([C@@H](C)O)C(=O)N[C@@H](Cc2c[nH]c3ccccc23)C(=O)N[C@@H](CCC(N)=O)C(=O)N1)C(=O)N[C@@H](CC(N)=O)C(=O)NCC(N)=O,420,-1,WO2017011820A2.csv
893.0,True,CC(=O)NCCCC[C@H](NC(=O)[C@H](CCCN)NC(=O)[C@H](Cc1ccc2ccccc2c1)NC(=O)[C@H](Cc1ccc(OCCN)cc1)NC(=O)[C@@H]1CSCC[C@H](NC(C)=O)C(=O)N[C@@H](CCC(N)=O)C(=O)N[C@@H]([C@@H](C)O)C(=O)N[C@@H](Cc2c[nH]c3ccccc23)C(=O)N[C@@H](CCC(N)=O)C(=O)N1)C(=O)N[C@@H](CC(N)=O)C(=O)NCC(N)=O,30,-1,WO2017011820A2.csv
710.0,True,COc1ccc(C[C@H](NC(=O)[C@@H]2CSCC[C@H](NC(C)=O)C(=O)N[C@@H](CCC(N)=O)C(=O)N[C@@H]([C@@H](C)O)C(=O)N[C@@H](Cc3c[nH]c4ccccc34)C(=O)N[C@@H](CCC(N)=O)C(=O)N2)C(=O)N[C@@H](Cc2c[nH]c3ccccc23)C(=O)N[C@@](C)(CCCCN)C(=O)N[C@@H](CCC(=O)O)C(=O)N[C@@H](CC(N)=O)C(=O)NCC(N)=O)cc1,420,30,WO2017011820A2.csv
815.0,True,COc1ccc(C[C@H](NC(=O)[C@@H]2CSCC[C@H](NC(C)=O)C(=O)N[C@@H](CCC(N)=O)C(=O)N[C@@H]([C@@H](C)O)C(=O)N[C@@H](Cc3c[nH]c4ccccc34)C(=O)N[C@@H](CCC(N)=O)C(=O)N2)C(=O)N[C@@H](Cc2ccc3ccccc3c2)C(=O)N[C@@H](CCCN)C(=O)N[C@@H](CCCCNC(C)=O)C(=O)N[C@@H](CC(N)=O)C(=O)NCC(N)=O)cc1,420,-1,WO2017011820A2.csv
612.0,True,CC(=O)NCCCC[C@](C)(NC(=O)[C@H](Cc1ccc2ccccc2c1)NC(=O)[C@H](Cc1ccc(OCCNC(C)=O)cc1)NC(=O)[C@H]1NC(=O)[C@H](CCC(N)=O)NC(=O)[C@H](Cc2c[nH]c3ccccc23)NC(=O)[C@H]([C@@H](C)O)NC(=O)[C@H](CCC(N)=O)NC(=O)[C@@H](NC(C)=O)C(C)(C)SSC1(C)C)C(=O)N[C@@H](CCC(=O)O)C(=O)N[C@@H](CC(N)=O)C(=O)N[C@@H](C)C(N)=O,420,420,WO2017011820A2.csv
899.0,True,CC(=O)N[C@H]1CCSC[C@@H](C(=O)N[C@@H](Cc2ccc(OCCN)cc2)C(=O)N[C@@H](Cc2c[nH]c3ccccc23)C(=O)N[C@@H](CCC(C)C)C(=O)N[C@@H](CCC(=O)O)C(=O)N[C@@H](CC(N)=O)C(=O)NCC(N)=O)NC(=O)[C@H](CCC(N)=O)NC(=O)[C@H](Cc2c[nH]c3ccccc23)NC(=O)[C@H]([C@@H](C)O)NC(=O)[C@H](CCC(N)=O)NC1=O,30,30,WO2017011820A2.csv
549.0,True,CC(=O)N[C@@H]1C(=O)N[C@@H](CCC(N)=O)C(=O)N[C@@H]([C@@H](C)O)C(=O)N[C@@H](Cc2c[nH]c3ccccc23)C(=O)N[C@@H](CCC(N)=O)C(=O)N[C@H](C(=O)N[C@@H](Cc2ccc(O)cc2)C(=O)N[C@@H](Cc2c[nH]c3ccccc23)C(=O)N[C@@H](CCC(C)C)C(=O)N[C@@H](CCC(=O)O)C(=O)N[C@@H](CC(N)=O)C(=O)NCC(N)=O)C(C)(C)SSC1(C)C,30,-1,WO2017011820A2.csv
676.0,True,CC(=O)NCCCC[C@H](NC(=O)C(C)(C)NC(=O)[C@H](Cc1ccc2ccccc2c1)NC(=O)[C@H](Cc1ccc(OCCN)cc1)NC(=O)[C@H]1NC(=O)[C@H](CCC(N)=O)NC(=O)[C@H](Cc2c[nH]c3ccccc23)NC(=O)[C@H]([C@@H](C)O)NC(=O)[C@H](CC(N)=O)NC(=O)[C@@H](NC(=O)[C@@H](Cc2ccccc2)NC(C)=O)C(C)(C)SSC1(C)C)C(=O)N[C@@H](CC(N)=O)C(=O)NCCC(N)=O,420,270,WO2017011820A2.csv
563.0,True,CC(=O)NCCCC[C@H](NC(=O)[C@](C)(CCCCN)NC(=O)[C@H](Cc1c[nH]c2ccccc12)NC(=O)[C@H](Cc1ccc(O)cc1)NC(=O)[C@H]1NC(=O)[C@H](CCC(N)=O)NC(=O)[C@H](Cc2c[nH]c3ccccc23)NC(=O)[C@H]([C@@H](C)O)NC(=O)[C@H](CCC(N)=O)NC(=O)[C@@H](NC(C)=O)C(C)(C)SSC1(C)C)C(=O)N[C@@H](CC(N)=O)C(=O)NCC(N)=O,420,420,WO2017011820A2.csv
979.0,True,CC(=O)N[C@H]1CCSC[C@@H](C(=O)N[C@@H](Cc2ccc(OCCN)cc2)C(=O)N[C@@H](Cc2ccc3ccccc3c2)C(=O)NC2(C(=O)N[C@@H](CCC(=O)O)C(=O)N[C@@H](CC(N)=O)C(=O)N[C@@H](CC(N)=O)C(N)=O)CCNCC2)NC(=O)[C@H](CCC(N)=O)NC(=O)[C@H](Cc2c[nH]c3ccccc23)NC(=O)[C@H]([C@@H](C)O)NC(=O)[C@H](CCC(N)=O)NC1=O,420,420,WO2017011820A2.csv
915.0,True,CC(=O)NCCCC[C@H](NC(=O)[C@@](C)(NC(=O)[C@H](Cc1ccc2ccccc2c1)NC(=O)[C@H](Cc1ccc(OCCN)cc1)NC(=O)[C@@H]1CSCC[C@H](NC(C)=O)C(=O)N[C@@H](CCC(N)=O)C(=O)N[C@@H]([C@@H](C)O)C(=O)N[C@@H](Cc2c[nH]c3ccccc23)C(=O)N[C@@H](CCC(N)=O)C(=O)N1)C(C)C)C(=O)N[C@@H](CC(N)=O)C(=O)NCC(N)=O,150,90,WO2017011820A2.csv
613.0,True,CC(=O)NCCCC[C@H](NC(=O)[C@](C)(CC(C)C)NC(=O)[C@H](Cc1ccc2ccccc2c1)NC(=O)[C@H](Cc1ccc(OCCNC(C)=O)cc1)NC(=O)[C@H]1NC(=O)[C@H](CCC(N)=O)NC(=O)[C@H](Cc2c[nH]c3ccccc23)NC(=O)[C@H]([C@@H](C)O)NC(=O)[C@H](CCC(N)=O)NC(=O)[C@@H](NC(C)=O)C(C)(C)SSC1(C)C)C(=O)N[C@@H](CC(N)=O)C(=O)N[C@@H](CC(N)=O)C(N)=O,420,420,WO2017011820A2.csv
539.0,True,CC(=O)N[C@@H]1C(=O)N[C@@H](CC(N)=O)C(=O)N[C@@H]([C@@H](C)O)C(=O)N[C@@H](Cc2c[nH]c3ccccc23)C(=O)N[C@@H](CCC(N)=O)C(=O)N[C@H](C(=O)N[C@@H](Cc2ccc(C(N)=O)cc2)C(=O)N[C@@H](Cc2ccc3ccccc3c2)C(=O)N[C@@](C)(CC(C)C)C(=O)N[C@@H](CCCCNC(=O)COCC(=O)NCCCC[C@H](NC(=O)[C@](C)(CC(C)C)NC(=O)[C@H](Cc2ccc3ccccc3c2)NC(=O)[C@H](Cc2ccc(C(N)=O)cc2)NC(=O)[C@H]2NC(=O)[C@H](CCC(N)=O)NC(=O)[C@H](Cc3c[nH]c4ccccc34)NC(=O)[C@H]([C@@H](C)O)NC(=O)[C@H](CC(N)=O)NC(=O)[C@@H](NC(C)=O)C(C)(C)SSC2(C)C)C(=O)N[C@@H](CC(N)=O)C(=O)N[C@@H](CC(N)=O)C(N)=O)C(=O)N[C@@H](CC(N)=O)C(=O)N[C@@H](CC(N)=O)C(N)=O)C(C)(C)SSC1(C)C,270,270,WO2017011820A2.csv
1042.0,True,CC(=O)N[C@H](CCC(N)=O)C(=O)N[C@H]1CCSC[C@@H](C(=O)N[C@@H](Cc2ccc(OCCN)cc2)C(=O)N[C@@H](Cc2ccc3ccccc3c2)C(=O)N[C@@](C)(CCCCN)C(=O)N[C@@H](CCC(=O)O)C(=O)N[C@@H](CC(N)=O)C(=O)N[C@@H](CC(N)=O)C(N)=O)NC(=O)[C@H](CCC(N)=O)NC(=O)[C@H](Cc2c[nH]c3ccccc23)NC(=O)[C@H]([C@@H](C)O)NC(=O)[C@H](CCC(N)=O)NC1=O,420,150,WO2017011820A2.csv
634.0,True,CC(=O)NCCCC[C@H](NC(=O)C(C)(C)NC(=O)[C@H](Cc1ccc2ccccc2c1)NC(=O)[C@H](Cc1ccc(OCCN)cc1)NC(=O)[C@H]1NC(=O)[C@H](CCC(N)=O)NC(=O)[C@H](Cc2c[nH]c3ccccc23)NC(=O)[C@H]([C@@H](C)O)NC(=O)[C@H](CC(N)=O)NC(=O)[C@@H](NC(C)=O)C(C)(C)SSC1(C)C)C(=O)N[C@@H](CC(N)=O)C(=O)N[C@@H](CCC(N)=O)C(N)=O,420,420,WO2017011820A2.csv
876.0,True,CC(=O)NCCCC[C@H](NC(=O)C(C)(C)NC(=O)[C@H](Cc1ccc2ccccc2c1)NC(=O)[C@H](Cc1ccc(OCCN)cc1)NC(=O)[C@@H]1CSCC[C@H](NC(C)=O)C(=O)N[C@@H](CCC(N)=O)C(=O)N[C@@H]([C@@H](C)O)C(=O)N[C@@H](Cc2c[nH]c3ccccc23)C(=O)N[C@@H](CCC(N)=O)C(=O)N1)C(=O)N[C@@H](CCC(N)=O)C(=O)NCC(N)=O,150,30,WO2017011820A2.csv
1030.0,True,CC(=O)N[C@@H]1C(=O)N[C@@H](CCC(N)=O)C(=O)N[C@@H]([C@@H](C)O)C(=O)N[C@@H](Cc2c[nH]c3ccccc23)C(=O)N[C@@H](CCC(N)=O)C(=O)N[C@H](C(=O)N[C@@H](Cc2ccc(O)cc2)C(=O)N[C@@H](Cc2c[nH]c3ccccc23)C(=O)N(C)[C@@H](CCCNC(=N)N)C(=O)N[C@@H](CCC(=O)O)C(=O)N[C@@H](CC(N)=O)C(=O)NCC(N)=O)C(C)(C)SSC1(C)C,90,-1,WO2017011820A2.csv
603.0,True,CC(=O)N[C@@H]1C(=O)N[C@@H](CCC(N)=O)C(=O)N[C@@H]([C@@H](C)O)C(=O)N[C@@H](Cc2c[nH]c3ccccc23)C(=O)N[C@@H](CCC(N)=O)C(=O)N[C@H](C(=O)N[C@@H](Cc2ccc(OCCN)cc2)C(=O)N[C@@H](Cc2ccc3ccccc3c2)C(=O)N[C@@](C)(CC(C)C)C(=O)N[C@@H](CCC(N)=O)C(=O)N[C@@H](CC(N)=O)C(=O)N[C@@H](CC(N)=O)C(N)=O)C(C)(C)SSC1(C)C,420,420,WO2017011820A2.csv
633.0,True,COc1ccc(C[C@H](NC(=O)[C@H]2NC(=O)[C@H](CCC(N)=O)NC(=O)[C@H](Cc3c[nH]c4ccccc34)NC(=O)[C@H]([C@@H](C)O)NC(=O)[C@H](CC(N)=O)NC(=O)[C@@H](NC(C)=O)C(C)(C)SSC2(C)C)C(=O)N[C@@H](Cc2ccc3ccccc3c2)C(=O)NC(C)(C)C(=O)N[C@@H](CCCCNC(C)=O)C(=O)N[C@@H](CC(N)=O)C(=O)NCCC(N)=O)cc1,270,420,WO2017011820A2.csv
534.0,True,CC(=O)NCCCC[C@H](NC(=O)[C@](C)(CCCCNC(=O)COCC(=O)NCCCC[C@](C)(NC(=O)[C@H](Cc1ccc2ccccc2c1)NC(=O)[C@H](Cc1ccc(C(N)=O)cc1)NC(=O)[C@H]1NC(=O)[C@H](CCC(N)=O)NC(=O)[C@H](Cc2c[nH]c3ccccc23)NC(=O)[C@H]([C@@H](C)O)NC(=O)[C@H](CCC(N)=O)NC(=O)[C@@H](NC(C)=O)C(C)(C)SSC1(C)C)C(=O)N[C@@H](CCCCNC(C)=O)C(=O)N[C@@H](CC(N)=O)C(=O)N[C@@H](CC(N)=O)C(N)=O)NC(=O)[C@H](Cc1ccc2ccccc2c1)NC(=O)[C@H](Cc1ccc(C(N)=O)cc1)NC(=O)[C@H]1NC(=O)[C@H](CCC(N)=O)NC(=O)[C@H](Cc2c[nH]c3ccccc23)NC(=O)[C@H]([C@@H](C)O)NC(=O)[C@H](CCC(N)=O)NC(=O)[C@@H](NC(C)=O)C(C)(C)SSC1(C)C)C(=O)N[C@@H](CC(N)=O)C(=O)N[C@@H](CC(N)=O)C(N)=O,420,270,WO2017011820A2.csv
618.0,True,COc1ccc(C[C@H](NC(=O)[C@H]2NC(=O)[C@H](CCC(N)=O)NC(=O)[C@H](Cc3c[nH]c4ccccc34)NC(=O)[C@H]([C@@H](C)O)NC(=O)[C@H](CCC(N)=O)NC(=O)[C@@H](NC(C)=O)C(C)(C)SSC2(C)C)C(=O)N[C@@H](Cc2ccc3ccccc3c2)C(=O)NC(C)(C)C(=O)N[C@@H](CCC(=O)O)C(=O)N[C@@H](CC(N)=O)C(=O)N[C@@H](CC(N)=O)C(N)=O)cc1,150,420,WO2017011820A2.csv
620.0,True,CC(=O)NCCCC[C@H](NC(=O)C(C)(C)NC(=O)[C@H](Cc1ccc2ccccc2c1)NC(=O)[C@H](Cc1ccc(OCCN)cc1)NC(=O)[C@H]1NC(=O)[C@H](CCC(N)=O)NC(=O)[C@H](Cc2c[nH]c3ccccc23)NC(=O)[C@H]([C@@H](C)O)NC(=O)[C@H]([C@@H](C)O)NC(=O)[C@@H](NC(C)=O)C(C)(C)SSC1(C)C)C(=O)N[C@@H](CC(N)=O)C(=O)N[C@@H](CC(N)=O)C(N)=O,420,420,WO2017011820A2.csv
719.0,True,CC(=O)NCCCC[C@H](NC(=O)[C@](C)(CCCCN)NC(=O)[C@H](Cc1ccc2ccccc2c1)NC(=O)[C@H](Cc1ccc(Cl)c(Cl)c1)NC(=O)[C@@H]1CSCC[C@H](NC(C)=O)C(=O)N[C@@H](CCC(N)=O)C(=O)N[C@@H]([C@@H](C)O)C(=O)N[C@@H](Cc2c[nH]c3ccccc23)C(=O)N[C@@H](CCC(N)=O)C(=O)N1)C(=O)N[C@@H](CC(N)=O)C(=O)NCC(N)=O,150,-1,WO2017011820A2.csv
718.0,True,CC(=O)NCCCC[C@H](NC(=O)[C@](C)(CCCCN)NC(=O)[C@H](Cc1ccc2ccccc2c1)NC(=O)[C@H](Cc1ccc(C(N)=O)cc1)NC(=O)[C@@H]1CSCC[C@H](NC(C)=O)C(=O)N[C@@H](CCC(N)=O)C(=O)N[C@@H]([C@@H](C)O)C(=O)N[C@@H](Cc2c[nH]c3ccccc23)C(=O)N[C@@H](CCC(N)=O)C(=O)N1)C(=O)N[C@@H](CC(N)=O)C(=O)NCC(N)=O,150,30,WO2017011820A2.csv
712.0,True,COc1ccc(C[C@H](NC(=O)[C@@H]2CSCC[C@H](NC(C)=O)C(=O)N[C@@H](CCC(N)=O)C(=O)N[C@@H]([C@@H](C)O)C(=O)N[C@@H](Cc3c[nH]c4ccccc34)C(=O)N[C@@H](CCC(N)=O)C(=O)N2)C(=O)N[C@@H](Cc2ccc3ccccc3c2)C(=O)N[C@@](C)(CCCCN)C(=O)N[C@@H](CCCCNC(C)=O)C(=O)N[C@@H](CC(N)=O)C(=O)NCC(N)=O)cc1,270,30,WO2017011820A2.csv
914.0,True,CC[C@](C)(NC(=O)[C@H](Cc1ccc2ccccc2c1)NC(=O)[C@H](Cc1ccc(OCCN)cc1)NC(=O)[C@@H]1CSCC[C@H](NC(C)=O)C(=O)N[C@@H](CCC(N)=O)C(=O)N[C@@H]([C@@H](C)O)C(=O)N[C@@H](Cc2c[nH]c3ccccc23)C(=O)N[C@@H](CCC(N)=O)C(=O)N1)C(=O)N[C@@H](CCCCNC(C)=O)C(=O)N[C@@H](CC(N)=O)C(=O)NCC(N)=O,90,30,WO2017011820A2.csv
965.0,True,CC(=O)N[C@@H](CCC(=O)O)C(=O)N[C@H]1CCSC[C@@H](C(=O)N[C@@H](Cc2ccc(OCCN)cc2)C(=O)N[C@@H](Cc2ccc3ccccc3c2)C(=O)N[C@@](C)(CCCCN)C(=O)N[C@@H](CCC(=O)O)C(=O)N[C@@H](CC(N)=O)C(=O)N[C@@H](CC(N)=O)C(N)=O)NC(=O)[C@H](CCC(N)=O)NC(=O)[C@H](Cc2c[nH]c3ccccc23)NC(=O)[C@H]([C@@H](C)O)NC(=O)[C@H](CCC(N)=O)NC1=O,420,150,WO2017011820A2.csv
614.0,True,CC(=O)NCCOc1ccc(C[C@H](NC(=O)[C@H]2NC(=O)[C@H](CCC(N)=O)NC(=O)[C@H](Cc3c[nH]c4ccccc34)NC(=O)[C@H]([C@@H](C)O)NC(=O)[C@H](CCC(N)=O)NC(=O)[C@@H](NC(C)=O)C(C)(C)SSC2(C)C)C(=O)N[C@@H](Cc2ccc3ccccc3c2)C(=O)N[C@@](C)(CC(C)C)C(=O)N[C@@H](CCC(N)=O)C(=O)N[C@@H](CC(N)=O)C(=O)N[C@@H](CC(N)=O)C(N)=O)cc1,420,420,WO2017011820A2.csv
933.0,True,CC(=O)N[C@H]1CCSC[C@@H](C(=O)N[C@@H](Cc2ccc(OCCN)cc2)C(=O)N[C@@H](Cc2ccc3ccccc3c2)C(=O)N[C@@](C)(CCCCN)C(=O)N[C@@H](CC(N)=O)C(=O)N[C@@H](CC(N)=O)C(=O)NCC(N)=O)NC(=O)[C@H](CCC(N)=O)NC(=O)[C@H](Cc2c[nH]c3ccccc23)NC(=O)[C@H]([C@@H](C)O)NC(=O)[C@H](CCC(N)=O)NC1=O,270,270,WO2017011820A2.csv
610.0,True,CC(=O)NCCCC[C@H](NC(=O)[C@](C)(CCCCNC(C)=O)NC(=O)[C@H](Cc1ccc2ccccc2c1)NC(=O)[C@H](Cc1ccc(OCCNC(C)=O)cc1)NC(=O)[C@H]1NC(=O)[C@H](CCC(N)=O)NC(=O)[C@H](Cc2c[nH]c3ccccc23)NC(=O)[C@H]([C@@H](C)O)NC(=O)[C@H](CCC(N)=O)NC(=O)[C@@H](NC(C)=O)C(C)(C)SSC1(C)C)C(=O)N[C@@H](CC(N)=O)C(=O)N[C@@H](CC(N)=O)C(N)=O,420,420,WO2017011820A2.csv
1041.0,True,CC(=O)N[C@H](CCCNC(=N)N)C(=O)N[C@H]1CCSC[C@@H](C(=O)N[C@@H](Cc2ccc(OCCN)cc2)C(=O)N[C@@H](Cc2ccc3ccccc3c2)C(=O)N[C@@](C)(CCCCN)C(=O)N[C@@H](CCC(=O)O)C(=O)N[C@@H](CC(N)=O)C(=O)N[C@@H](CC(N)=O)C(N)=O)NC(=O)[C@H](CCC(N)=O)NC(=O)[C@H](Cc2c[nH]c3ccccc23)NC(=O)[C@H]([C@@H](C)O)NC(=O)[C@H](CCC(N)=O)NC1=O,420,270,WO2017011820A2.csv
682.0,True,CC(=O)NCCCC[C@H](NC(=O)C(C)(C)NC(=O)[C@H](Cc1ccc2ccccc2c1)NC(=O)[C@H](Cc1ccc(C(N)=O)cc1)NC(=O)[C@H]1NC(=O)[C@H](CCC(N)=O)NC(=O)[C@H](Cc2c[nH]c3ccccc23)NC(=O)[C@H]([C@@H](C)O)NC(=O)[C@H](CC(N)=O)NC(=O)[C@@H](NC(C)=O)C(C)(C)SSC1(C)C)C(=O)N[C@@H](CC(N)=O)C(=O)N[C@@H](CC(N)=O)C(N)=O,90,270,WO2017011820A2.csv
703.0,True,CC(=O)N[C@H]1CCSC[C@@H](C(=O)N[C@@H](Cc2ccc(O)cc2)C(=O)N[C@@H](Cc2c[nH]c3ccccc23)C(=O)N[C@@](C)(CC(C)C)C(=O)N[C@@H](CCC(=O)O)C(=O)N[C@@H](CC(N)=O)C(=O)NCC(N)=O)NC(=O)[C@H](CCC(N)=O)NC(=O)[C@H](Cc2c[nH]c3ccccc23)NC(=O)[C@H]([C@@H](C)O)NC(=O)[C@H](CCC(N)=O)NC1=O,30,-1,WO2017011820A2.csv
1043.0,True,CC(=O)N[C@H]1CCSC[C@@H](C(=O)N[C@@H](Cc2ccc(OCCN)cc2)C(=O)N[C@@H](Cc2ccc3ccccc3c2)C(=O)NC2(C(=O)N[C@@H](CCC(=O)O)C(=O)N[C@@H](CC(N)=O)C(=O)N[C@@H](CC(N)=O)C(N)=O)CC2)NC(=O)[C@H](CCC(N)=O)NC(=O)[C@H](Cc2c[nH]c3ccccc23)NC(=O)[C@H]([C@@H](C)O)NC(=O)[C@H](CCC(N)=O)NC1=O,270,420,WO2017011820A2.csv
688.0,True,COc1ccc(C[C@H](NC(=O)[C@H]2NC(=O)[C@H](CCC(N)=O)NC(=O)[C@H](Cc3c[nH]c4ccccc34)NC(=O)[C@H]([C@@H](C)O)NC(=O)[C@H](CC(N)=O)NC(=O)[C@@H](NC(C)=O)C(C)(C)SSC2(C)C)C(=O)N[C@@H](Cc2ccc3ccccc3c2)C(=O)NC2(C(=O)N[C@@H](CCCCNC(C)=O)C(=O)N[C@@H](CC(N)=O)C(=O)N[C@@H](CC(N)=O)C(N)=O)CCOCC2)cc1,420,420,WO2017011820A2.csv
605.0,True,CC(=O)NCCCC[C@H](NC(=O)C(C)(C)NC(=O)[C@H](Cc1ccc2ccccc2c1)NC(=O)[C@H](Cc1ccc(OCCN)cc1)NC(=O)[C@H]1NC(=O)[C@H](CCC(N)=O)NC(=O)[C@H](Cc2c[nH]c3ccccc23)NC(=O)[C@H]([C@@H](C)O)NC(=O)[C@H](CCC(N)=O)NC(=O)[C@@H](NC(C)=O)C(C)(C)SSC1(C)C)C(=O)N[C@@H](CC(N)=O)C(=O)N[C@@H](CC(N)=O)C(N)=O,150,270,WO2017011820A2.csv
1037.0,True,COc1ccc(C[C@H](NC(=O)[C@H]2NC(=O)[C@H](CCC(N)=O)NC(=O)[C@H](Cc3c[nH]c4ccccc34)NC(=O)[C@H]([C@@H](C)O)NC(=O)[C@H](CC(N)=O)NC(=O)[C@@H](NC(C)=O)C(C)(C)SSC2(C)C)C(=O)N[C@@H](Cc2ccc3ccccc3c2)C(=O)NC2(C(=O)N[C@@H](CCCCNC(C)=O)C(=O)N[C@@H](CC(N)=O)C(=O)N[C@@H](CC(N)=O)C(N)=O)CCCC2)cc1,420,270,WO2017011820A2.csv
969.0,True,CC(=O)N[C@@H](Cc1ccccc1)C(=O)N[C@H]1CCSC[C@@H](C(=O)N[C@@H](Cc2ccc(OCCN)cc2)C(=O)N[C@@H](Cc2ccc3ccccc3c2)C(=O)N[C@@](C)(CCCCN)C(=O)N[C@@H](CCC(=O)O)C(=O)N[C@@H](CC(N)=O)C(=O)N[C@@H](CC(N)=O)C(N)=O)NC(=O)[C@H](CCC(N)=O)NC(=O)[C@H](Cc2c[nH]c3ccccc23)NC(=O)[C@H]([C@@H](C)O)NC(=O)[C@H](CCC(N)=O)NC1=O,90,150,WO2017011820A2.csv
713.0,True,CC(=O)NCCCC[C@H](NC(=O)[C@](C)(CCCN)NC(=O)[C@H](Cc1c[nH]c2ccccc12)NC(=O)[C@H](Cc1ccc(O)cc1)NC(=O)[C@@H]1CSCC[C@H](NC(C)=O)C(=O)N[C@@H](CCC(N)=O)C(=O)N[C@@H]([C@@H](C)O)C(=O)N[C@@H](Cc2c[nH]c3ccccc23)C(=O)N[C@@H](CCC(N)=O)C(=O)N1)C(=O)N[C@@H](CC(N)=O)C(=O)NCC(N)=O,270,-1,WO2017011820A2.csv
522.0,True,COc1ccc(C[C@H](NC(=O)[C@H]2NC(=O)[C@H](CCC(N)=O)NC(=O)[C@H](Cc3c[nH]c4ccccc34)NC(=O)[C@H]([C@@H](C)O)NC(=O)[C@H](CCC(N)=O)NC(=O)[C@@H](NC(C)=O)C(C)(C)SSC2(C)C)C(=O)N[C@@H](Cc2ccc3ccccc3c2)C(=O)N[C@@](C)(CCCCNC(=O)COCC(=O)NCCCC[C@](C)(NC(=O)[C@H](Cc2ccc3ccccc3c2)NC(=O)[C@H](Cc2ccc(OC)cc2)NC(=O)[C@H]2NC(=O)[C@H](CCC(N)=O)NC(=O)[C@H](Cc3c[nH]c4ccccc34)NC(=O)[C@H]([C@@H](C)O)NC(=O)[C@H](CCC(N)=O)NC(=O)[C@@H](NC(C)=O)C(C)(C)SSC2(C)C)C(=O)N[C@@H](CCC(=O)O)C(=O)N[C@@H](CC(N)=O)C(=O)NCC(N)=O)C(=O)N[C@@H](CCC(=O)O)C(=O)N[C@@H](CC(N)=O)C(=O)NCC(N)=O)cc1,420,90,WO2017011820A2.csv
558.0,True,CC(=O)N[C@@H]1C(=O)N[C@@H](CCC(N)=O)C(=O)N[C@@H]([C@@H](C)O)C(=O)N[C@@H](Cc2c[nH]c3ccccc23)C(=O)N[C@@H](CCC(N)=O)C(=O)N[C@H](C(=O)N[C@@H](Cc2ccc3ccccc3c2)C(=O)N[C@@H](Cc2ccc3ccccc3c2)C(=O)N[C@@](C)(CCCCN)C(=O)N[C@@H](CCC(=O)O)C(=O)N[C@@H](CC(N)=O)C(=O)NCC(N)=O)C(C)(C)SSC1(C)C,270,-1,WO2017011820A2.csv
628.0,True,CC(=O)NCCCC[C@H](NC(=O)C(C)(C)NC(=O)[C@H](Cc1ccc2ccccc2c1)NC(=O)[C@H](Cc1ccc(OCCN)cc1)NC(=O)[C@H]1NC(=O)[C@H](CCC(N)=O)NC(=O)[C@H](Cc2c[nH]c3ccccc23)NC(=O)[C@H]([C@@H](C)O)NC(=O)[C@H](CCC(N)=O)NC(=O)[C@@H](NC(C)=O)C(C)(C)SSC1(C)C)C(=O)N[C@@H](CC(N)=O)C(=O)NCCC(N)=O,420,420,WO2017011820A2.csv
631.0,True,CC(=O)N[C@@H]1C(=O)N[C@@H](CC(N)=O)C(=O)N[C@@H]([C@@H](C)O)C(=O)N[C@@H](Cc2c[nH]c3ccccc23)C(=O)N[C@@H](CCC(N)=O)C(=O)N[C@H](C(=O)N[C@@H](Cc2ccc(OCCN)cc2)C(=O)N[C@@H](Cc2ccc3ccccc3c2)C(=O)N[C@@H](CCC(C)C)C(=O)N[C@@H](CCC(=O)O)C(=O)N[C@@H](CC(N)=O)C(=O)N[C@@H](C)C(N)=O)C(C)(C)SSC1(C)C,90,30,WO2017011820A2.csv
1031.0,True,COc1ccc(C[C@H](NC(=O)[C@H]2NC(=O)[C@H](CCC(N)=O)NC(=O)[C@H](Cc3c[nH]c4ccccc34)NC(=O)[C@H]([C@@H](C)O)NC(=O)[C@H](CCC(N)=O)NC(=O)[C@@H](NC(C)=O)C(C)(C)SSC2(C)C)C(=O)N[C@@H](Cc2ccc3ccccc3c2)C(=O)N[C@@](C)(CCCN)C(=O)N[C@@H](CCCCNC(C)=O)C(=O)N[C@@H](CC(N)=O)C(=O)NCC(N)=O)cc1,420,-1,WO2017011820A2.csv
694.0,True,CC(=O)N[C@H]1CCSC[C@@H](C(=O)N[C@@H](Cc2ccc(O)cc2)C(=O)N[C@@H](Cc2c[nH]c3ccccc23)C(=O)N[C@@H](CCCNC(=N)N)C(=O)N[C@@H](CCC(=O)O)C(=O)N[C@@H](CC(N)=O)C(=O)NCC(=O)NCCOCC(=O)N[C@H](CCCCN)C(N)=O)NC(=O)[C@H](CCC(N)=O)NC(=O)[C@H](Cc2c[nH]c3ccccc23)NC(=O)[C@H]([C@@H](C)O)NC(=O)[C@H](CCC(N)=O)NC1=O,30,-1,WO2017011820A2.csv
559.0,True,CC(=O)N[C@@H]1C(=O)N[C@@H](CCC(N)=O)C(=O)N[C@@H]([C@@H](C)O)C(=O)N[C@@H](Cc2c[nH]c3ccccc23)C(=O)N[C@@H](CCC(N)=O)C(=O)N[C@H](C(=O)N[C@@H](Cc2ccc(O)cc2)C(=O)N[C@@H](Cc2ccc3ccccc3c2)C(=O)N[C@@](C)(CCCN)C(=O)N[C@@H](CCC(=O)O)C(=O)N[C@@H](CC(N)=O)C(=O)NCC(N)=O)C(C)(C)SSC1(C)C,270,-1,WO2017011820A2.csv
641.0,True,CC(=O)NCCCC[C@H](NC(=O)[C@H](CCC(C)C)NC(=O)[C@H](Cc1ccc2ccccc2c1)NC(=O)[C@H](Cc1ccc(OCCN)cc1)NC(=O)[C@H]1NC(=O)[C@H](CCC(N)=O)NC(=O)[C@H](Cc2c[nH]c3ccccc23)NC(=O)[C@H]([C@@H](C)O)NC(=O)[C@H](CC(N)=O)NC(=O)[C@@H](NC(C)=O)C(C)(C)SSC1(C)C)C(=O)N[C@@H](CC(N)=O)C(=O)NCCC(N)=O,30,30,WO2017011820A2.csv
625.0,True,COc1ccc(C[C@H](NC(=O)[C@H]2NC(=O)[C@H](CCC(N)=O)NC(=O)[C@H](Cc3c[nH]c4ccccc34)NC(=O)[C@H]([C@@H](C)O)NC(=O)[C@H](CCC(N)=O)NC(=O)[C@@H](NC(C)=O)C(C)(C)SSC2(C)C)C(=O)N[C@@H](Cc2ccc3ccccc3c2)C(=O)NC(C)(C)C(=O)N[C@@H](CCCCNC(C)=O)C(=O)N[C@@H](CC(N)=O)C(=O)N[C@@H](CC(N)=O)C(N)=O)cc1,270,420,WO2017011820A2.csv
912.0,True,CC(=O)N[C@H]1CCSC[C@@H](C(=O)N[C@@H](Cc2ccc(OCCN)cc2)C(=O)N[C@@H](Cc2ccc3ccccc3c2)C(=O)N[C@@](C)(CCCCN)C(=O)N[C@@H](CCC(=O)O)C(=O)N[C@@H](CC(N)=O)C(=O)N[C@@H](CC(N)=O)C(N)=O)NC(=O)[C@H](CCC(N)=O)NC(=O)[C@H](Cc2c[nH]c3ccccc23)NC(=O)[C@H]([C@@H](C)O)NC(=O)[C@H](CCC(N)=O)NC1=O,270,270,WO2017011820A2.csv
638.0,True,COc1ccc(C[C@H](NC(=O)[C@H]2NC(=O)[C@H](CCC(N)=O)NC(=O)[C@H](Cc3c[nH]c4ccccc34)NC(=O)[C@H]([C@@H](C)O)NC(=O)[C@H](CC(N)=O)NC(=O)[C@@H](NC(C)=O)C(C)(C)SSC2(C)C)C(=O)N[C@@H](Cc2ccc3ccccc3c2)C(=O)NC(C)(C)C(=O)N[C@@H](CCCCNC(C)=O)C(=O)N[C@@H](CC(N)=O)C(=O)N[C@@H](CCC(N)=O)C(N)=O)cc1,420,420,WO2017011820A2.csv
973.0,True,CC(=O)N[C@@H](CC(C)C)C(=O)N[C@H]1CCSC[C@@H](C(=O)N[C@@H](Cc2ccc(OCCN)cc2)C(=O)N[C@@H](Cc2ccc3ccccc3c2)C(=O)N[C@@](C)(CCCCN)C(=O)N[C@@H](CCC(=O)O)C(=O)N[C@@H](CC(N)=O)C(=O)N[C@@H](CC(N)=O)C(N)=O)NC(=O)[C@H](CCC(N)=O)NC(=O)[C@H](Cc2c[nH]c3ccccc23)NC(=O)[C@H]([C@@H](C)O)NC(=O)[C@H](CCC(N)=O)NC1=O,420,150,WO2017011820A2.csv
554.0,True,CC(=O)N[C@@H]1C(=O)N[C@@H](CCC(N)=O)C(=O)N[C@@H]([C@@H](C)O)C(=O)N[C@@H](Cc2c[nH]c3ccccc23)C(=O)N[C@@H](CCC(N)=O)C(=O)N[C@H](C(=O)N[C@@H](Cc2ccc(O)cc2)C(=O)N[C@@H](Cc2c[nH]c3ccccc23)C(=O)N[C@@](C)(CC(C)C)C(=O)N[C@@H](CCC(=O)O)C(=O)N[C@@H](CC(N)=O)C(=O)NCC(N)=O)C(C)(C)SSC1(C)C,270,-1,WO2017011820A2.csv
601.0,True,CC(=O)N[C@@H]1C(=O)N[C@@H](CCC(N)=O)C(=O)N[C@@H]([C@@H](C)O)C(=O)N[C@@H](Cc2c[nH]c3ccccc23)C(=O)N[C@@H](CCC(N)=O)C(=O)N[C@H](C(=O)N[C@@H](Cc2ccc(OCCN)cc2)C(=O)N[C@@H](Cc2ccc3ccccc3c2)C(=O)N[C@@](C)(CC(C)C)C(=O)N[C@@H](CCC(=O)O)C(=O)N[C@@H](CC(N)=O)C(=O)N[C@@H](C)C(N)=O)C(C)(C)SSC1(C)C,420,420,WO2017011820A2.csv
602.0,True,CC(=O)NCCCC[C@H](NC(=O)[C@](C)(CC(C)C)NC(=O)[C@H](Cc1ccc2ccccc2c1)NC(=O)[C@H](Cc1ccc(OCCN)cc1)NC(=O)[C@H]1NC(=O)[C@H](CCC(N)=O)NC(=O)[C@H](Cc2c[nH]c3ccccc23)NC(=O)[C@H]([C@@H](C)O)NC(=O)[C@H](CCC(N)=O)NC(=O)[C@@H](NC(C)=O)C(C)(C)SSC1(C)C)C(=O)N[C@@H](CC(N)=O)C(=O)N[C@@H](CC(N)=O)C(N)=O,150,270,WO2017011820A2.csv
566.0,True,COc1ccc(C[C@H](NC(=O)[C@H]2NC(=O)[C@H](CCC(N)=O)NC(=O)[C@H](Cc3c[nH]c4ccccc34)NC(=O)[C@H]([C@@H](C)O)NC(=O)[C@H](CCC(N)=O)NC(=O)[C@@H](NC(C)=O)C(C)(C)SSC2(C)C)C(=O)N[C@@H](Cc2cccc3ccccc23)C(=O)N[C@@](C)(CCCCN)C(=O)N[C@@H](CCCCNC(C)=O)C(=O)N[C@@H](CC(N)=O)C(=O)NCC(N)=O)cc1,420,-1,WO2017011820A2.csv
978.0,True,CC(=O)N[C@H]1CCSC[C@@H](C(=O)N[C@@H](Cc2ccc(OCCN)cc2)C(=O)N[C@@H](Cc2ccc3ccccc3c2)C(=O)NC2(C(=O)N[C@@H](CCC(=O)O)C(=O)N[C@@H](CC(N)=O)C(=O)N[C@@H](CC(N)=O)C(N)=O)CCCC2)NC(=O)[C@H](CCC(N)=O)NC(=O)[C@H](Cc2c[nH]c3ccccc23)NC(=O)[C@H]([C@@H](C)O)NC(=O)[C@H](CCC(N)=O)NC1=O,150,420,WO2017011820A2.csv
714.0,True,COc1ccc(C[C@H](NC(=O)[C@@H]2CSCC[C@H](NC(C)=O)C(=O)N[C@@H](CCC(N)=O)C(=O)N[C@@H]([C@@H](C)O)C(=O)N[C@@H](Cc3c[nH]c4ccccc34)C(=O)N[C@@H](CCC(N)=O)C(=O)N2)C(=O)N[C@@H](Cc2ccc3ccccc3c2)C(=O)N[C@H](CC(N)=O)C(=O)N[C@@H](CCCCNC(C)=O)C(=O)N[C@@H](CC(N)=O)C(=O)NCC(N)=O)cc1,420,-1,WO2017011820A2.csv
946.0,True,CC(=O)NCCCC[C@H](NC(=O)C(C)(C)NC(=O)[C@H](Cc1ccc2ccccc2c1)NC(=O)[C@H](Cc1ccc(OCCN)cc1)NC(=O)[C@@H]1CSCC[C@H](NC(C)=O)C(=O)N[C@@H](CCC(N)=O)C(=O)N[C@@H]([C@@H](C)O)C(=O)N[C@@H](Cc2c[nH]c3ccccc23)C(=O)N[C@@H](CCC(N)=O)C(=O)N1)C(=O)N[C@@H](CC(N)=O)C(=O)NCC(N)=O,90,90,WO2017011820A2.csv
972.0,True,CC(=O)N[C@H](C(=O)N[C@H]1CCSC[C@@H](C(=O)N[C@@H](Cc2ccc(OCCN)cc2)C(=O)N[C@@H](Cc2ccc3ccccc3c2)C(=O)N[C@@](C)(CCCCN)C(=O)N[C@@H](CCC(=O)O)C(=O)N[C@@H](CC(N)=O)C(=O)N[C@@H](CC(N)=O)C(N)=O)NC(=O)[C@H](CCC(N)=O)NC(=O)[C@H](Cc2c[nH]c3ccccc23)NC(=O)[C@H]([C@@H](C)O)NC(=O)[C@H](CCC(N)=O)NC1=O)[C@@H](C)O,420,420,WO2017011820A2.csv
585.0,True,COc1ccc(C[C@H](NC(=O)[C@H]2NC(=O)[C@H](CCC(N)=O)NC(=O)[C@H](Cc3c[nH]c4ccccc34)NC(=O)[C@H]([C@@H](C)O)NC(=O)[C@H](CCC(N)=O)NC(=O)[C@@H](NC(=O)[C@@H]3CCC(=O)N3)C(C)(C)SSC2(C)C)C(=O)N[C@@H](Cc2ccc3ccccc3c2)C(=O)N[C@@](C)(CCCCN)C(=O)N[C@@H](CCCCNC(C)=O)C(=O)N[C@@H](CC(N)=O)C(=O)NCC(N)=O)cc1,420,270,WO2017011820A2.csv
561.0,True,CC(=O)N[C@@H]1C(=O)N[C@@H](CCC(N)=O)C(=O)N[C@@H]([C@@H](C)O)C(=O)N[C@@H](Cc2c[nH]c3ccccc23)C(=O)N[C@@H](CCC(N)=O)C(=O)N[C@H](C(=O)N[C@@H](Cc2ccc(O)cc2)C(=O)N[C@@H](Cc2cccc3ccccc23)C(=O)N[C@@](C)(CCCN)C(=O)N[C@@H](CCC(=O)O)C(=O)N[C@@H](CC(N)=O)C(=O)NCC(N)=O)C(C)(C)SSC1(C)C,270,-1,WO2017011820A2.csv
700.0,True,CC(=O)N[C@H]1CCSC[C@H](C(=O)N[C@@H](Cc2ccc(O)cc2)C(=O)N[C@@H](Cc2c[nH]c3ccccc23)C(=O)N[C@@H](CCC(C)C)C(=O)N[C@@H](CCC(=O)O)C(=O)N[C@@H](CC(N)=O)C(=O)NCC(N)=O)NC(=O)[C@H](CCC(N)=O)NC(=O)[C@H](Cc2c[nH]c3ccccc23)NC(=O)[C@H]([C@@H](C)O)NC(=O)[C@H](CCC(N)=O)NC1=O,90,-1,WO2017011820A2.csv
615.0,True,CC(=O)NCCOc1ccc(C[C@H](NC(=O)[C@H]2NC(=O)[C@H](CCC(N)=O)NC(=O)[C@H](Cc3c[nH]c4ccccc34)NC(=O)[C@H]([C@@H](C)O)NC(=O)[C@H](CCC(N)=O)NC(=O)[C@@H](NC(C)=O)C(C)(C)SSC2(C)C)C(=O)N[C@@H](Cc2ccc3ccccc3c2)C(=O)NC(C)(C)C(=O)N[C@@H](CCC(=O)O)C(=O)N[C@@H](CC(N)=O)C(=O)N[C@@H](CC(N)=O)C(N)=O)cc1,420,420,WO2017011820A2.csv
896.0,True,CC(=O)NC[C@H](NC(=O)[C@H](CCCN)NC(=O)[C@H](Cc1c[nH]c2ccccc12)NC(=O)[C@H](Cc1ccc(OCCN)cc1)NC(=O)[C@@H]1CSCC[C@H](NC(C)=O)C(=O)N[C@@H](CCC(N)=O)C(=O)N[C@@H]([C@@H](C)O)C(=O)N[C@@H](Cc2c[nH]c3ccccc23)C(=O)N[C@@H](CCC(N)=O)C(=O)N1)C(=O)N[C@@H](CC(N)=O)C(=O)NCC(N)=O,30,-1,WO2017011820A2.csv
906.0,True,CC(=O)NCCCC[C@](C)(NC(=O)[C@H](Cc1ccc2ccccc2c1)NC(=O)[C@H](Cc1ccc(OCCNC(C)=O)cc1)NC(=O)[C@@H]1CSCC[C@H](NC(C)=O)C(=O)N[C@@H](CCC(N)=O)C(=O)N[C@@H]([C@@H](C)O)C(=O)N[C@@H](Cc2c[nH]c3ccccc23)C(=O)N[C@@H](CCC(N)=O)C(=O)N1)C(=O)N[C@@H](CCC(=O)O)C(=O)N[C@@H](CC(N)=O)C(=O)NCC(N)=O,90,30,WO2017011820A2.csv
895.0,True,CC(=O)N[C@H]1CCSC[C@@H](C(=O)N[C@@H](Cc2ccc(OCCN)cc2)C(=O)N[C@@H](Cc2c[nH]c3ccccc23)C(=O)N[C@@H](CCCN)C(=O)N[C@@H](CN)C(=O)N[C@@H](CC(N)=O)C(=O)NCC(N)=O)NC(=O)[C@H](CCC(N)=O)NC(=O)[C@H](Cc2c[nH]c3ccccc23)NC(=O)[C@H]([C@@H](C)O)NC(=O)[C@H](CCC(N)=O)NC1=O,30,-1,WO2017011820A2.csv
877.0,True,CC(=O)N[C@H]1CCSC[C@@H](C(=O)N[C@@H](Cc2ccc(OCCN)cc2)C(=O)N[C@@H](Cc2ccc3ccccc3c2)C(=O)NC(C)(C)C(=O)N[C@@H](CCC(N)=O)C(=O)N[C@@H](CC(N)=O)C(=O)NCC(N)=O)NC(=O)[C@H](CCC(N)=O)NC(=O)[C@H](Cc2c[nH]c3ccccc23)NC(=O)[C@H]([C@@H](C)O)NC(=O)[C@H](CCC(N)=O)NC1=O,150,270,WO2017011820A2.csv
702.0,True,COc1ccc(C[C@H](NC(=O)[C@@H]2CSCC[C@H](NC(C)=O)C(=O)N[C@@H](CCC(N)=O)C(=O)N[C@@H]([C@@H](C)O)C(=O)N[C@@H](Cc3c[nH]c4ccccc34)C(=O)N[C@@H](CCC(N)=O)C(=O)N2)C(=O)N[C@@H](Cc2ccc3ccccc3c2)C(=O)N[C@@](C)(CCCCN)C(=O)N[C@@H](CCC(=O)O)C(=O)N[C@@H](CC(N)=O)C(=O)NCC(N)=O)cc1,150,30,WO2017011820A2.csv
608.0,True,CC(=O)NCCCC[C@](C)(NC(=O)[C@H](Cc1ccc2ccccc2c1)NC(=O)[C@H](Cc1ccc(OCCNC(C)=O)cc1)NC(=O)[C@H]1NC(=O)[C@H](CCC(N)=O)NC(=O)[C@H](Cc2c[nH]c3ccccc23)NC(=O)[C@H]([C@@H](C)O)NC(=O)[C@](C)(CCCNC(C)=O)NC(=O)[C@@H](NC(C)=O)C(C)(C)SSC1(C)C)C(=O)N[C@@H](CCC(=O)O)C(=O)N[C@@H](CC(N)=O)C(=O)NCC(N)=O,90,270,WO2017011820A2.csv
701.0,True,CC(=O)N[C@H]1CCSC(C)(C)[C@@H](C(=O)N[C@@H](Cc2ccc(O)cc2)C(=O)N[C@@H](Cc2c[nH]c3ccccc23)C(=O)N[C@@H](CCC(C)C)C(=O)N[C@@H](CCC(=O)O)C(=O)N[C@@H](CC(N)=O)C(=O)NCC(N)=O)NC(=O)[C@H](CCC(N)=O)NC(=O)[C@H](Cc2c[nH]c3ccccc23)NC(=O)[C@H]([C@@H](C)O)NC(=O)[C@H](CCC(N)=O)NC1=O,30,-1,WO2017011820A2.csv
878.0,True,CC(=O)N[C@H]1CCSC[C@@H](C(=O)N[C@@H](Cc2ccc(OCCN)cc2)C(=O)N[C@@H](Cc2ccc3ccccc3c2)C(=O)NC(C)(C)C(=O)N[C@@H](CCC(=O)O)C(=O)N[C@@H](CC(N)=O)C(=O)NCC(N)=O)NC(=O)[C@H](CCC(N)=O)NC(=O)[C@H](Cc2c[nH]c3ccccc23)NC(=O)[C@H]([C@@H](C)O)NC(=O)[C@H](CCC(N)=O)NC1=O,30,150,WO2017011820A2.csv
976.0,True,CC(=O)N[C@H]1CCSC[C@@H](C(=O)N[C@@H](Cc2ccc(OCCN)cc2)C(=O)N[C@@H](Cc2ccc3ccccc3c2)C(=O)NC2(C(=O)N[C@@H](CCC(=O)O)C(=O)N[C@@H](CC(N)=O)C(=O)N[C@@H](CC(N)=O)C(N)=O)CCC2)NC(=O)[C@H](CCC(N)=O)NC(=O)[C@H](Cc2c[nH]c3ccccc23)NC(=O)[C@H]([C@@H](C)O)NC(=O)[C@H](CCC(N)=O)NC1=O,30,90,WO2017011820A2.csv
857.0,True,CC(=O)N[C@H]1CCSC[C@@H](C(=O)N[C@@H](Cc2ccc(OCCN)cc2)C(=O)N[C@@H](Cc2ccc3ccccc3c2)C(=O)N[C@@](C)(CCCCN)C(=O)N[C@@H](CCCCNC(=O)c2ccccc2)C(=O)N[C@@H](CC(N)=O)C(=O)NCC(N)=O)NC(=O)[C@H](CCC(N)=O)NC(=O)[C@H](Cc2c[nH]c3ccccc23)NC(=O)[C@H]([C@@H](C)O)NC(=O)[C@H](CCC(N)=O)NC1=O,270,420,WO2017011820A2.csv
879.0,True,CC(=O)NCCCC[C@H](NC(=O)C(C)(C)NC(=O)[C@H](Cc1cccc2ccccc12)NC(=O)[C@H](Cc1ccc(OCCN)cc1)NC(=O)[C@@H]1CSCC[C@H](NC(C)=O)C(=O)N[C@@H](CCC(N)=O)C(=O)N[C@@H]([C@@H](C)O)C(=O)N[C@@H](Cc2c[nH]c3ccccc23)C(=O)N[C@@H](CCC(N)=O)C(=O)N1)C(=O)N[C@@H](CC(N)=O)C(=O)NCC(N)=O,420,420,WO2017011820A2.csv
902.0,True,CC(=O)NCCCC[C@H](NC(=O)[C@](C)(CCCCN)NC(=O)[C@H](Cc1ccc2ccccc2c1)NC(=O)[C@H](Cc1ccc(OCCN)cc1)NC(=O)[C@@H]1CSCC[C@H](NC(=O)CCC(=O)O)C(=O)N[C@@H](CCC(N)=O)C(=O)N[C@@H]([C@@H](C)O)C(=O)N[C@@H](Cc2c[nH]c3ccccc23)C(=O)N[C@@H](CCC(N)=O)C(=O)N1)C(=O)N[C@@H](CC(N)=O)C(=O)NCC(N)=O,420,270,WO2017011820A2.csv
967.0,True,CC(=O)N[C@@H](CCCNC(=N)N)C(=O)N[C@H]1CCSC[C@@H](C(=O)N[C@@H](Cc2ccc(OCCN)cc2)C(=O)N[C@@H](Cc2ccc3ccccc3c2)C(=O)N[C@@](C)(CCCCN)C(=O)N[C@@H](CCC(=O)O)C(=O)N[C@@H](CC(N)=O)C(=O)N[C@@H](CC(N)=O)C(N)=O)NC(=O)[C@H](CCC(N)=O)NC(=O)[C@H](Cc2c[nH]c3ccccc23)NC(=O)[C@H]([C@@H](C)O)NC(=O)[C@H](CCC(N)=O)NC1=O,30,150,WO2017011820A2.csv
720.0,True,COc1ccc(C[C@H](NC(=O)[C@H]2NC(=O)[C@H](CCC(N)=O)NC(=O)[C@H](Cc3c[nH]c4ccccc34)NC(=O)[C@H]([C@@H](C)O)NC(=O)[C@H](CCC(N)=O)NC(=O)[C@@H](NC(C)=O)CCSC2(C)C)C(=O)N[C@@H](Cc2ccc3ccccc3c2)C(=O)N[C@@](C)(CCCCN)C(=O)N[C@@H](CCC(=O)O)C(=O)N[C@@H](CC(N)=O)C(=O)NCC(N)=O)cc1,270,150,WO2017011820A2.csv
1029.0,True,CC(=O)N[C@H]1CSSC(C)(C)[C@@H](C(=O)N[C@@H](Cc2ccc(O)cc2)C(=O)N[C@@H](Cc2c[nH]c3ccccc23)C(=O)N[C@H](CC(N)=O)C(=O)N[C@@H](CCC(=O)O)C(=O)N[C@@H](CC(N)=O)C(=O)NCC(N)=O)NC(=O)[C@H](CCC(N)=O)NC(=O)[C@H](Cc2c[nH]c3ccccc23)NC(=O)[C@H]([C@@H](C)O)NC(=O)[C@H](CCC(N)=O)NC1=O,30,-1,WO2017011820A2.csv
704.0,True,CC(=O)N[C@H]1CCSC[C@@H](C(=O)N[C@@H](Cc2ccc(O)cc2)C(=O)N[C@@H](Cc2ccc3ccccc3c2)C(=O)N[C@@](C)(CCCCN)C(=O)N[C@@H](CCC(=O)O)C(=O)N[C@@H](CC(N)=O)C(=O)NCC(N)=O)NC(=O)[C@H](CCC(N)=O)NC(=O)[C@H](Cc2c[nH]c3ccccc23)NC(=O)[C@H]([C@@H](C)O)NC(=O)[C@H](CCC(N)=O)NC1=O,30,-1,WO2017011820A2.csv
611.0,True,CC(=O)NCCCC[C@](C)(NC(=O)[C@H](Cc1ccc2ccccc2c1)NC(=O)[C@H](Cc1ccc(OCCNC(C)=O)cc1)NC(=O)[C@H]1NC(=O)[C@H](CCC(N)=O)NC(=O)[C@H](Cc2c[nH]c3ccccc23)NC(=O)[C@H]([C@@H](C)O)NC(=O)[C@H](CCC(N)=O)NC(=O)[C@@H](NC(C)=O)C(C)(C)SSC1(C)C)C(=O)N[C@@H](CCC(=O)O)C(=O)N[C@@H](CC(N)=O)C(=O)NCC(N)=O,270,420,WO2017011820A2.csv
911.0,True,CC(=O)N[C@H]1CCSC[C@@H](C(=O)N[C@@H](Cc2ccc(OCCN)cc2)C(=O)N[C@@H](Cc2ccc3ccccc3c2)C(=O)N[C@@](C)(CCCCN)C(=O)N[C@@H](CCC(=O)O)C(=O)N[C@@H](CC(N)=O)C(=O)N[C@@H](CCC(N)=O)C(N)=O)NC(=O)[C@H](CCC(N)=O)NC(=O)[C@H](Cc2c[nH]c3ccccc23)NC(=O)[C@H]([C@@H](C)O)NC(=O)[C@H](CCC(N)=O)NC1=O,270,270,WO2017011820A2.csv
606.0,True,CC(=O)NCCCC[C@H](NC(=O)C(C)(C)NC(=O)[C@H](Cc1ccc2ccccc2c1)NC(=O)[C@H](Cc1ccc(OCCN)cc1)NC(=O)[C@H]1NC(=O)[C@H](CCC(N)=O)NC(=O)[C@H](Cc2c[nH]c3ccccc23)NC(=O)[C@H]([C@@H](C)O)NC(=O)[C@H](CCC(N)=O)NC(=O)[C@@H](NC(C)=O)C(C)(C)SSC1(C)C)C(=O)N[C@@H](CC(N)=O)C(=O)N[C@@H](CCC(N)=O)C(N)=O,420,420,WO2017011820A2.csv
609.0,True,CC(=O)NCCCC[C@H](NC(=O)[C@](C)(CCCCNC(C)=O)NC(=O)[C@H](Cc1ccc2ccccc2c1)NC(=O)[C@H](Cc1ccc(OCCNC(C)=O)cc1)NC(=O)[C@H]1NC(=O)[C@H](CCC(N)=O)NC(=O)[C@H](Cc2c[nH]c3ccccc23)NC(=O)[C@H]([C@@H](C)O)NC(=O)[C@H](CCC(N)=O)NC(=O)[C@@H](NC(C)=O)C(C)(C)SSC1(C)C)C(=O)N[C@@H](CC(N)=O)C(=O)NCC(N)=O,420,420,WO2017011820A2.csv
900.0,True,CC(=O)NCCCC[C@H](NC(=O)[C@](C)(CCCCNC(C)=O)NC(=O)[C@H](Cc1ccc2ccccc2c1)NC(=O)[C@H](Cc1ccc(OCCNC(C)=O)cc1)NC(=O)[C@@H]1CSCC[C@H](NC(C)=O)C(=O)N[C@@H](CCC(N)=O)C(=O)N[C@@H]([C@@H](C)O)C(=O)N[C@@H](Cc2c[nH]c3ccccc23)C(=O)N[C@@H](CCC(N)=O)C(=O)N1)C(=O)N[C@@H](CC(N)=O)C(=O)NCC(N)=O,270,30,WO2017011820A2.csv
791.0,True,CC(=O)NCCCC[C@H](NC(=O)[C@](C)(CCCN)NC(=O)[C@H](Cc1ccc2ccccc2c1)NC(=O)[C@H](Cc1ccc2ccccc2c1)NC(=O)[C@@H]1CSCC[C@H](NC(C)=O)C(=O)N[C@@H](CCC(N)=O)C(=O)N[C@@H]([C@@H](C)O)C(=O)N[C@@H](Cc2c[nH]c3ccccc23)C(=O)N[C@@H](CCC(N)=O)C(=O)N1)C(=O)N[C@@H](CC(N)=O)C(=O)NCC(N)=O,150,-1,WO2017011820A2.csv
551.0,True,CC(=O)N[C@@H]1C(=O)N[C@@H](CCC(N)=O)C(=O)N[C@@H]([C@@H](C)O)C(=O)N[C@@H](Cc2c[nH]c3ccccc23)C(=O)N[C@@H](CCC(N)=O)C(=O)N[C@H](C(=O)N[C@@H](Cc2ccc(O)cc2)C(=O)N[C@@H](Cc2c[nH]c3ccccc23)C(=O)N[C@@H](CCC(C)C)C(=O)N[C@@H](CCC(=O)O)C(=O)N[C@@H](CC(N)=O)C(=O)NCC(N)=O)C(C)(C)SSC1(C)C,30,-1,WO2017011820A2.csv
1036.0,True,CC(=O)NCCCC[C@H](NC(=O)C1(NC(=O)[C@H](Cc2ccc3ccccc3c2)NC(=O)[C@H](Cc2ccc(C(N)=O)cc2)NC(=O)[C@H]2NC(=O)[C@H](CCC(N)=O)NC(=O)[C@H](Cc3c[nH]c4ccccc34)NC(=O)[C@H]([C@@H](C)O)NC(=O)[C@H](CC(N)=O)NC(=O)[C@@H](NC(C)=O)C(C)(C)SSC2(C)C)CCCC1)C(=O)N[C@@H](CC(N)=O)C(=O)N[C@@H](CC(N)=O)C(N)=O,420,420,WO2017011820A2.csv
555.0,True,CC(=O)N[C@@H]1C(=O)N[C@@H](CCC(N)=O)C(=O)N[C@@H]([C@@H](C)O)C(=O)N[C@@H](Cc2c[nH]c3ccccc23)C(=O)N[C@@H](CCC(N)=O)C(=O)N[C@H](C(=O)N[C@@H](Cc2ccc(O)cc2)C(=O)N[C@@H](Cc2c[nH]c3ccccc23)C(=O)N[C@H](CC(N)=O)C(=O)N[C@@H](CCC(=O)O)C(=O)N[C@@H](CC(N)=O)C(=O)NCC(N)=O)C(C)(C)SSC1(C)C,270,-1,WO2017011820A2.csv
1032.0,True,COc1ccc(C[C@H](NC(=O)[C@H]2NC(=O)[C@H](CCC(N)=O)NC(=O)[C@H](Cc3c[nH]c4ccccc34)NC(=O)[C@H]([C@@H](C)O)NC(=O)[C@H](CCC(N)=O)NC(=O)[C@@H](NC(C)=O)C(C)(C)SSC2(C)C)C(=O)N[C@@H](Cc2c[nH]c3ccccc23)C(=O)N[C@@](C)(CCCCN)C(=O)N[C@@H](CCCCNC(C)=O)C(=O)N[C@@H](CC(N)=O)C(=O)NCC(N)=O)cc1,420,-1,WO2017011820A2.csv
715.0,True,CC(=O)NCCCC[C@H](NC(=O)[C@](C)(CCCCN)NC(=O)[C@H](Cc1ccc2ccccc2c1)NC(=O)[C@H](Cc1ccc(Oc2ccccc2)cc1)NC(=O)[C@@H]1CSCC[C@H](NC(C)=O)C(=O)N[C@@H](CCC(N)=O)C(=O)N[C@@H]([C@@H](C)O)C(=O)N[C@@H](Cc2c[nH]c3ccccc23)C(=O)N[C@@H](CCC(N)=O)C(=O)N1)C(=O)N[C@@H](CC(N)=O)C(=O)NCC(N)=O,420,-1,WO2017011820A2.csv
861.0,True,CC(=O)N[C@H]1CCSC[C@@H](C(=O)N[C@@H](Cc2ccc(OCCN)cc2)C(=O)N[C@@H](Cc2ccc3ccccc3c2)C(=O)N[C@@](C)(CCCCN)C(=O)N[C@@H](CCCCNC(=O)CC(C)C)C(=O)N[C@@H](CC(N)=O)C(=O)NCC(N)=O)NC(=O)[C@H](CCC(N)=O)NC(=O)[C@H](Cc2c[nH]c3ccccc23)NC(=O)[C@H]([C@@H](C)O)NC(=O)[C@H](CCC(N)=O)NC1=O,420,420,WO2017011820A2.csv
898.0,True,CC(=O)NC[C@H](NC(=O)[C@H](CCCN)NC(=O)[C@H](Cc1ccc2ccccc2c1)NC(=O)[C@H](Cc1ccc(OCCN)cc1)NC(=O)[C@@H]1CSCC[C@H](NC(C)=O)C(=O)N[C@@H](CCC(N)=O)C(=O)N[C@@H]([C@@H](C)O)C(=O)N[C@@H](Cc2c[nH]c3ccccc23)C(=O)N[C@@H](CCC(N)=O)C(=O)N1)C(=O)N[C@@H](CC(N)=O)C(=O)NCC(N)=O,30,-1,WO2017011820A2.csv
604.0,True,CC(=O)N[C@@H]1C(=O)N[C@@H](CCC(N)=O)C(=O)N[C@@H]([C@@H](C)O)C(=O)N[C@@H](Cc2c[nH]c3ccccc23)C(=O)N[C@@H](CCC(N)=O)C(=O)N[C@H](C(=O)N[C@@H](Cc2ccc(OCCN)cc2)C(=O)N[C@@H](Cc2ccc3ccccc3c2)C(=O)NC(C)(C)C(=O)N[C@@H](CCC(=O)O)C(=O)N[C@@H](CC(N)=O)C(=O)N[C@@H](CC(N)=O)C(N)=O)C(C)(C)SSC1(C)C,420,420,WO2017011820A2.csv
1034.0,True,CC(=O)NCCCC[C@H](NC(=O)[C@](C)(CCCCN)NC(=O)[C@H](Cc1ccc2ccccc2c1)NC(=O)[C@H](Cc1ccc(OCCN)cc1)NC(=O)[C@H]1NC(=O)[C@H](CCC(N)=O)NC(=O)[C@H](Cc2c[nH]c3ccccc23)NC(=O)[C@H]([C@@H](C)O)NC(=O)[C@H](CCC(N)=O)NC(=O)[C@@H](NC(C)=O)C(C)(C)SSC1(C)C)C(=O)N[C@@H](CC(N)=O)C(=O)N[C@@H](CC(N)=O)C(N)=O,420,420,WO2017011820A2.csv
684.0,True,CC(=O)NCCCC[C@H](NC(=O)C1(NC(=O)[C@H](Cc2ccc3ccccc3c2)NC(=O)[C@H](Cc2ccc(C(N)=O)cc2)NC(=O)[C@H]2NC(=O)[C@H](CCC(N)=O)NC(=O)[C@H](Cc3c[nH]c4ccccc34)NC(=O)[C@H]([C@@H](C)O)NC(=O)[C@H](CC(N)=O)NC(=O)[C@@H](NC(C)=O)C(C)(C)SSC2(C)C)CCCCC1)C(=O)N[C@@H](CC(N)=O)C(=O)N[C@@H](CC(N)=O)C(N)=O,420,420,WO2017011820A2.csv
1028.0,True,CC(=O)N[C@H]1CSSC(C)(C)[C@@H](C(=O)N[C@@H](Cc2ccc(O)cc2)C(=O)N[C@@H](Cc2c[nH]c3ccccc23)C(=O)N[C@@](C)(CC(C)C)C(=O)N[C@@H](CCC(=O)O)C(=O)N[C@@H](CC(N)=O)C(=O)NCC(N)=O)NC(=O)[C@H](CCC(N)=O)NC(=O)[C@H](Cc2c[nH]c3ccccc23)NC(=O)[C@H]([C@@H](C)O)NC(=O)[C@H](CCC(N)=O)NC1=O,30,-1,WO2017011820A2.csv
810.0,True,COc1ccc(C[C@H](NC(=O)[C@@H]2CSCC[C@H](NC(C)=O)C(=O)N[C@@H](CCC(N)=O)C(=O)N[C@@H]([C@@H](C)O)C(=O)N[C@@H](Cc3c[nH]c4ccccc34)C(=O)N[C@@H](CCC(N)=O)C(=O)N2)C(=O)N[C@@H](Cc2ccc3ccccc3c2)C(=O)NC(C)(C)C(=O)N[C@@H](CCCCNC(C)=O)C(=O)N[C@@H](CC(N)=O)C(=O)NCC(N)=O)cc1,420,-1,WO2017011820A2.csv
711.0,True,COc1ccc(C[C@H](NC(=O)[C@@H]2CSCC[C@H](NC(C)=O)C(=O)N[C@@H](CCC(N)=O)C(=O)N[C@@H]([C@@H](C)O)C(=O)N[C@@H](Cc3c[nH]c4ccccc34)C(=O)N[C@@H](CCC(N)=O)C(=O)N2)C(=O)N[C@@H](Cc2cccc3ccccc23)C(=O)N[C@@](C)(CCCCN)C(=O)N[C@@H](CCCCNC(C)=O)C(=O)N[C@@H](CC(N)=O)C(=O)NCC(N)=O)cc1,420,30,WO2017011820A2.csv
721.0,True,COc1ccc(C[C@H](NC(=O)[C@H]2NC(=O)[C@H](CCC(N)=O)NC(=O)[C@H](Cc3c[nH]c4ccccc34)NC(=O)[C@H]([C@@H](C)O)NC(=O)[C@H](CCC(N)=O)NC(=O)[C@@H](NC(C)=O)CCSC2(C)C)C(=O)N[C@@H](Cc2ccc3ccccc3c2)C(=O)N[C@@](C)(CCCCN)C(=O)N[C@@H](CCCCNC(C)=O)C(=O)N[C@@H](CC(N)=O)C(=O)NCC(N)=O)cc1,270,150,WO2017011820A2.csv
639.0,True,CC(=O)NCCCC[C@H](NC(=O)C(C)(C)NC(=O)[C@H](Cc1ccc2ccccc2c1)NC(=O)[C@H](Cc1ccc(OCCN)cc1)NC(=O)[C@H]1NC(=O)[C@H](CCC(N)=O)NC(=O)[C@H](Cc2c[nH]c3ccccc23)NC(=O)[C@H]([C@@H](C)O)NC(=O)[C@H](CC(N)=O)NC(=O)[C@@H](NC(C)=O)C(C)(C)SSC1(C)C)C(=O)N[C@@H](CC(N)=O)C(=O)NCCC(N)=O,420,420,WO2017011820A2.csv
692.0,True,CC(=O)N[C@H]1CCSC[C@@H](C(=O)N[C@@H](Cc2ccc(O)cc2)C(=O)N[C@@H](Cc2c[nH]c3ccccc23)C(=O)N[C@@H](CCCNC(=N)N)C(=O)N[C@@H](CCCCN)C(=O)N[C@@H](Cc2ccccc2)C(=O)NCC(=O)NCCOCC(=O)N[C@H](CCCCN)C(N)=O)NC(=O)[C@H](CCC(N)=O)NC(=O)[C@H](Cc2c[nH]c3ccccc23)NC(=O)[C@H]([C@@H](C)O)NC(=O)[C@H](CCCNC(=N)N)NC1=O,30,-1,WO2017011820A2.csv
897.0,True,CC(=O)N[C@H]1CCSC[C@@H](C(=O)N[C@@H](Cc2ccc(OCCN)cc2)C(=O)N[C@@H](Cc2ccc3ccccc3c2)C(=O)N[C@@H](CCCN)C(=O)N[C@@H](CN)C(=O)N[C@@H](CC(N)=O)C(=O)NCC(N)=O)NC(=O)[C@H](CCC(N)=O)NC(=O)[C@H](Cc2c[nH]c3ccccc23)NC(=O)[C@H]([C@@H](C)O)NC(=O)[C@H](CCC(N)=O)NC1=O,30,-1,WO2017011820A2.csv
565.0,True,COc1ccc(C[C@H](NC(=O)[C@H]2NC(=O)[C@H](CCC(N)=O)NC(=O)[C@H](Cc3c[nH]c4ccccc34)NC(=O)[C@H]([C@@H](C)O)NC(=O)[C@H](CCC(N)=O)NC(=O)[C@@H](NC(C)=O)C(C)(C)SSC2(C)C)C(=O)N[C@@H](Cc2ccc3ccccc3c2)C(=O)N[C@@](C)(CCCCN)C(=O)N[C@@H](CCCCNC(C)=O)C(=O)N[C@@H](CC(N)=O)C(=O)NCC(N)=O)cc1,420,420,WO2017011820A2.csv
892.0,True,CC(=O)NCCCC[C@H](NC(=O)[C@](C)(CCCCN)NC(=O)[C@H](Cc1ccc2ccccc2c1)NC(=O)[C@H](Cc1ccc(OCCN)cc1)NC(=O)[C@@H]1CSCC[C@H](NC(C)=O)C(=O)N[C@@H](CCC(N)=O)C(=O)N[C@@H]([C@@H](C)O)C(=O)N[C@@H](Cc2c[nH]c3ccccc23)C(=O)N[C@@H](CCC(N)=O)C(=O)N1)C(=O)N[C@@H](CC(N)=O)C(=O)NCC(N)=O,420,420,WO2017011820A2.csv
930.0,True,CC(=O)NCCCC[C@H](NC(=O)[C@H](CCC(C)C)NC(=O)[C@H](Cc1ccc2ccccc2c1)NC(=O)[C@H](Cc1ccc(OCCN)cc1)NC(=O)[C@@H]1CSCC[C@H](NC(C)=O)C(=O)N[C@@H](CCC(N)=O)C(=O)N[C@@H]([C@@H](C)O)C(=O)N[C@@H](Cc2c[nH]c3ccccc23)C(=O)N[C@@H](CCC(N)=O)C(=O)N1)C(=O)N[C@@H](CC(N)=O)C(=O)NCCC(N)=O,30,-1,WO2017011820A2.csv
822.0,True,CCCCCCCC[C@H](NC(=O)[C@@H]1CSCC[C@H](NC(C)=O)C(=O)N[C@@H](CCC(N)=O)C(=O)N[C@@H]([C@@H](C)O)C(=O)N[C@@H](Cc2c[nH]c3ccccc23)C(=O)N[C@@H](CCC(N)=O)C(=O)N1)C(=O)N[C@@H](Cc1ccc2ccccc2c1)C(=O)N[C@@](C)(CCCCN)C(=O)N[C@@H](CCCCNC(C)=O)C(=O)N[C@@H](CC(N)=O)C(=O)NCC(N)=O,30,-1,WO2017011820A2.csv
616.0,True,CC(=O)NCCCC[C@H](NC(=O)C(C)(C)NC(=O)[C@H](Cc1ccc2ccccc2c1)NC(=O)[C@H](Cc1ccc(OCCNC(C)=O)cc1)NC(=O)[C@H]1NC(=O)[C@H](CCC(N)=O)NC(=O)[C@H](Cc2c[nH]c3ccccc23)NC(=O)[C@H]([C@@H](C)O)NC(=O)[C@H](CCC(N)=O)NC(=O)[C@@H](NC(C)=O)C(C)(C)SSC1(C)C)C(=O)N[C@@H](CC(N)=O)C(=O)N[C@@H](CC(N)=O)C(N)=O,420,420,WO2017011820A2.csv
689.0,True,COc1ccc(C[C@H](NC(=O)[C@H]2NC(=O)[C@H](CCC(N)=O)NC(=O)[C@H](Cc3c[nH]c4ccccc34)NC(=O)[C@H]([C@@H](C)O)NC(=O)[C@H](CC(N)=O)NC(=O)[C@@H](NC(C)=O)C(C)(C)SSC2(C)C)C(=O)N[C@@H](Cc2ccc3ccccc3c2)C(=O)NC2(C(=O)N[C@@H](CCCCNC(C)=O)C(=O)N[C@@H](CC(N)=O)C(=O)N[C@@H](CC(N)=O)C(N)=O)CCCCC2)cc1,270,420,WO2017011820A2.csv
557.0,True,COc1ccc(C[C@H](NC(=O)[C@H]2NC(=O)[C@H](CCC(N)=O)NC(=O)[C@H](Cc3c[nH]c4ccccc34)NC(=O)[C@H]([C@@H](C)O)NC(=O)[C@H](CCC(N)=O)NC(=O)[C@@H](NC(C)=O)C(C)(C)SSC2(C)C)C(=O)N[C@@H](Cc2ccc3ccccc3c2)C(=O)N[C@@](C)(CCCCN)C(=O)N[C@@H](CCC(=O)O)C(=O)N[C@@H](CC(N)=O)C(=O)NCC(N)=O)cc1,270,150,WO2017011820A2.csv
556.0,True,CC(=O)N[C@@H]1C(=O)N[C@@H](CCC(N)=O)C(=O)N[C@@H]([C@@H](C)O)C(=O)N[C@@H](Cc2c[nH]c3ccccc23)C(=O)N[C@@H](CCC(N)=O)C(=O)N[C@H](C(=O)N[C@@H](Cc2ccc(O)cc2)C(=O)N[C@@H](Cc2ccc3ccccc3c2)C(=O)N[C@@](C)(CCCCN)C(=O)N[C@@H](CCC(=O)O)C(=O)N[C@@H](CC(N)=O)C(=O)NCC(N)=O)C(C)(C)SSC1(C)C,270,-1,WO2017011820A2.csv
916.0,True,CC(=O)NCCCC[C@H](NC(=O)[C@](C)(CO)NC(=O)[C@H](Cc1ccc2ccccc2c1)NC(=O)[C@H](Cc1ccc(OCCN)cc1)NC(=O)[C@@H]1CSCC[C@H](NC(C)=O)C(=O)N[C@@H](CCC(N)=O)C(=O)N[C@@H]([C@@H](C)O)C(=O)N[C@@H](Cc2c[nH]c3ccccc23)C(=O)N[C@@H](CCC(N)=O)C(=O)N1)C(=O)N[C@@H](CC(N)=O)C(=O)NCC(N)=O,30,150,WO2017011820A2.csv
699.0,True,CC(=O)N[C@H]1CCSC[C@@H](C(=O)N[C@@H](Cc2ccc(O)cc2)C(=O)N[C@@H](Cc2c[nH]c3ccccc23)C(=O)N[C@@H](CCC(C)C)C(=O)N[C@@H](CCC(=O)O)C(=O)N[C@@H](CC(N)=O)C(=O)NCC(N)=O)NC(=O)[C@H](CCC(N)=O)NC(=O)[C@H](Cc2c[nH]c3ccccc23)NC(=O)[C@H]([C@@H](C)O)NC(=O)[C@H](CCC(N)=O)NC1=O,30,-1,WO2017011820A2.csv
632.0,True,CC(=O)NCCCC[C@H](NC(=O)C(C)(C)NC(=O)[C@H](Cc1ccc2ccccc2c1)NC(=O)[C@H](Cc1ccc(OCCN)cc1)NC(=O)[C@H]1NC(=O)[C@H](CCC(N)=O)NC(=O)[C@H](Cc2c[nH]c3ccccc23)NC(=O)[C@H]([C@@H](C)O)NC(=O)[C@H](CC(N)=O)NC(=O)[C@@H](NC(C)=O)C(C)(C)SSC1(C)C)C(=O)N[C@@H](CC(N)=O)C(=O)N[C@@H](CC(N)=O)C(N)=O,420,420,WO2017011820A2.csv
829.0,True,CC(=O)N[C@H]1CCSC[C@@H](C(=O)N[C@@H](Cc2ccc(OCCN)cc2)C(=O)N[C@@H](Cc2ccc3ccccc3c2)C(=O)N[C@@](C)(CCCCN)C(=O)N[C@@H](CCC(=O)O)C(=O)N[C@@H](CC(N)=O)C(=O)NCC(N)=O)NC(=O)[C@H](CCC(N)=O)NC(=O)[C@H](Cc2c[nH]c3ccccc23)NC(=O)[C@H]([C@@H](C)O)NC(=O)[C@H](CCC(N)=O)NC1=O,420,420,WO2017011820A2.csv
880.0,True,CC(=O)NCCCC[C@H](NC(=O)C(C)(C)NC(=O)[C@H](Cc1ccc2ccccc2c1)NC(=O)[C@H](Cc1ccc(OCCN)cc1)NC(=O)[C@@H]1CSCC[C@H](NC(C)=O)C(=O)N[C@@H](CCC(N)=O)C(=O)N[C@@H]([C@@H](C)O)C(=O)N[C@@H](Cc2c[nH]c3ccccc23)C(=O)N[C@@H](CCC(N)=O)C(=O)N1)C(=O)N[C@@H](CC(N)=O)C(=O)N[C@@H](C)C(N)=O,90,30,WO2017011820A2.csv
607.0,True,CC(=O)NCCCC[C@](C)(NC(=O)[C@H](Cc1ccc2ccccc2c1)NC(=O)[C@H](Cc1ccc(OCCNC(C)=O)cc1)NC(=O)[C@H]1NC(=O)[C@H](CCC(N)=O)NC(=O)[C@H](Cc2c[nH]c3ccccc23)NC(=O)[C@H]([C@@H](C)O)NC(=O)[C@H](CNC(C)=O)NC(=O)[C@@H](NC(C)=O)C(C)(C)SSC1(C)C)C(=O)N[C@@H](CCC(=O)O)C(=O)N[C@@H](CC(N)=O)C(=O)NCC(N)=O,420,420,WO2017011820A2.csv
686.0,True,CC(=O)NCCCC[C@H](NC(=O)[C@](C)(CC(C)C)NC(=O)[C@H](Cc1ccc2ccccc2c1)NC(=O)[C@H](Cc1ccc(C(N)=O)cc1)NC(=O)[C@H]1NC(=O)[C@H](CCC(N)=O)NC(=O)[C@H](Cc2c[nH]c3ccccc23)NC(=O)[C@H]([C@@H](C)O)NC(=O)[C@H](CC(N)=O)NC(=O)[C@@H](NC(C)=O)C(C)(C)SSC1(C)C)C(=O)N[C@@H](CC(N)=O)C(=O)N[C@@H](CC(N)=O)C(N)=O,420,420,WO2017011820A2.csv
820.0,True,COc1ccc(C[C@H](NC(=O)[C@@H]2CSCC[C@H](NC(C)=O)C(=O)N[C@@H](CCC(N)=O)C(=O)N[C@@H]([C@@H](C)O)C(=O)N[C@@H](Cc3c[nH]c4ccccc34)C(=O)N[C@@H](CCC(N)=O)C(=O)N2)C(=O)N[C@@H](Cc2ccc3ccccc3c2)C(=O)N[C@H](C(=O)N[C@@H](CCCCNC(C)=O)C(=O)N[C@@H](CC(N)=O)C(=O)NCC(N)=O)C2CCCCC2)cc1,150,-1,WO2017011820A2.csv
707.0,True,COc1ccc(C[C@H](NC(=O)[C@@H]2CSCC[C@H](NC(C)=O)C(=O)N[C@@H](CCC(N)=O)C(=O)N[C@@H]([C@@H](C)O)C(=O)N[C@@H](Cc3c[nH]c4ccccc34)C(=O)N[C@@H](CCC(N)=O)C(=O)N2)C(=O)N[C@@H](Cc2c[nH]c3ccccc23)C(=O)N[C@@](C)(CCCN)C(=O)N[C@@H](CCC(=O)O)C(=O)N[C@@H](CC(N)=O)C(=O)NCC(N)=O)cc1,270,30,WO2017011820A2.csv
640.0,True,COc1ccc(C[C@H](NC(=O)[C@H]2NC(=O)[C@H](CCC(N)=O)NC(=O)[C@H](Cc3c[nH]c4ccccc34)NC(=O)[C@H]([C@@H](C)O)NC(=O)[C@H](CC(N)=O)NC(=O)[C@@H](NC(C)=O)C(C)(C)SSC2(C)C)C(=O)N[C@@H](Cc2ccc3ccccc3c2)C(=O)N[C@@H](CCC(C)C)C(=O)N[C@@H](CCCCNC(C)=O)C(=O)N[C@@H](CC(N)=O)C(=O)NCCC(N)=O)cc1,30,30,WO2017011820A2.csv
552.0,True,CC(=O)N[C@@H]1C(=O)N[C@@H](CCC(N)=O)C(=O)N[C@@H]([C@@H](C)O)C(=O)N[C@@H](Cc2c[nH]c3ccccc23)C(=O)N[C@@H](CCC(N)=O)C(=O)N[C@H](C(=O)N[C@@H](Cc2ccc(O)cc2)C(=O)N[C@@H](Cc2c[nH]c3ccccc23)C(=O)N(C)[C@@H](CCCNC(=N)N)C(=O)N[C@@H](CCC(=O)O)C(=O)N[C@@H](CC(N)=O)C(=O)NCC(N)=O)C(C)(C)SSC1(C)C,150,-1,WO2017011820A2.csv
702.0,True,COc1ccc(C[C@H](NC(=O)[C@@H]2CSCC[C@H](NC(C)=O)C(=O)N[C@@H](CCC(N)=O)C(=O)N[C@@H]([C@@H](C)O)C(=O)N[C@@H](Cc3c[nH]c4ccccc34)C(=O)N[C@@H](CCC(N)=O)C(=O)N2)C(=O)N[C@@H](Cc2ccc3ccccc3c2)C(=O)N[C@@](C)(CCCCN)C(=O)N[C@@H](CCC(=O)O)C(=O)N[C@@H](CC(N)=O)C(=O)NCC(N)=O)cc1,270,30,WO2017011820A2.csv
716.0,True,COc1ccc(CC[C@H](NC(=O)[C@@H]2CSCC[C@H](NC(C)=O)C(=O)N[C@@H](CCC(N)=O)C(=O)N[C@@H]([C@@H](C)O)C(=O)N[C@@H](Cc3c[nH]c4ccccc34)C(=O)N[C@@H](CCC(N)=O)C(=O)N2)C(=O)N[C@@H](Cc2ccc3ccccc3c2)C(=O)N[C@@](C)(CCCCN)C(=O)N[C@@H](CCCCNC(C)=O)C(=O)N[C@@H](CC(N)=O)C(=O)NCC(N)=O)cc1OC,270,-1,WO2017011820A2.csv
619.0,True,CC(=O)N[C@@H]1C(=O)N[C@@H](CCC(N)=O)C(=O)N[C@@H]([C@@H](C)O)C(=O)N[C@@H](Cc2c[nH]c3ccccc23)C(=O)N[C@@H](CCC(N)=O)C(=O)N[C@H](C(=O)N[C@@H](Cc2ccc(OCCN)cc2)C(=O)N[C@@H](Cc2ccc3ccccc3c2)C(=O)N[C@@H](CCC(C)C)C(=O)N[C@@H](CCC(=O)O)C(=O)N[C@@H](CC(N)=O)C(=O)N[C@@H](C)C(N)=O)C(C)(C)SSC1(C)C,30,30,WO2017011820A2.csv
1040.0,True,CC(=O)N[C@H]1CCSC[C@@H](C(=O)N[C@@H](Cc2ccc(OCc3ccccc3)cc2)C(=O)N[C@@H](Cc2c[nH]c3ccccc23)C(=O)N[C@@](C)(CCCCNC(=O)CCOCCOCCOCCOCCOCCOCCOCCOCCOCCOCCOCCOCCOCCOCCOCCOCCOCCOCCOCCOCCOCCOCCOCCOCCOCCOCCC(=O)NCCCC[C@](C)(NC(=O)[C@H](Cc2c[nH]c3ccccc23)NC(=O)[C@H](Cc2ccc(OCc3ccccc3)cc2)NC(=O)[C@@H]2CSCC[C@H](NC(C)=O)C(=O)N[C@@H](CCC(N)=O)C(=O)N[C@@H]([C@@H](C)O)C(=O)N[C@@H](Cc3c[nH]c4ccccc34)C(=O)N[C@@H](CCC(N)=O)C(=O)N2)C(=O)N[C@@H](CCC(=O)O)C(=O)N[C@@H](CC(N)=O)C(=O)NCC(N)=O)C(=O)N[C@@H](CCC(=O)O)C(=O)N[C@@H](CC(N)=O)C(=O)NCC(N)=O)NC(=O)[C@H](CCC(N)=O)NC(=O)[C@H](Cc2c[nH]c3ccccc23)NC(=O)[C@H]([C@@H](C)O)NC(=O)[C@H](CCC(N)=O)NC1=O,270,30,WO2017011820A2.csv
823.0,True,CCCCCCCC[C@H](NC(=O)[C@H](Cc1ccc(OC)cc1)NC(=O)[C@@H]1CSCC[C@H](NC(C)=O)C(=O)N[C@@H](CCC(N)=O)C(=O)N[C@@H]([C@@H](C)O)C(=O)N[C@@H](Cc2c[nH]c3ccccc23)C(=O)N[C@@H](CCC(N)=O)C(=O)N1)C(=O)N[C@@](C)(CCCCN)C(=O)N[C@@H](CCCCNC(C)=O)C(=O)N[C@@H](CC(N)=O)C(=O)NCC(N)=O,90,-1,WO2017011820A2.csv
637.0,True,COc1ccc(C[C@H](NC(=O)[C@H]2NC(=O)[C@H](CCC(N)=O)NC(=O)[C@H](Cc3c[nH]c4ccccc34)NC(=O)[C@H]([C@@H](C)O)NC(=O)[C@H](CC(N)=O)NC(=O)[C@@H](NC(C)=O)C(C)(C)SSC2(C)C)C(=O)N[C@@H](Cc2ccc3ccccc3c2)C(=O)NC(C)(C)C(=O)N[C@@H](CCCCNC(C)=O)C(=O)N[C@@H](CC(N)=O)C(=O)N[C@@H](CC(N)=O)C(N)=O)cc1,420,420,WO2017011820A2.csv
683.0,True,CC(=O)NCCCC[C@H](NC(=O)C1(NC(=O)[C@H](Cc2ccc3ccccc3c2)NC(=O)[C@H](Cc2ccc(C(N)=O)cc2)NC(=O)[C@H]2NC(=O)[C@H](CCC(N)=O)NC(=O)[C@H](Cc3c[nH]c4ccccc34)NC(=O)[C@H]([C@@H](C)O)NC(=O)[C@H](CC(N)=O)NC(=O)[C@@H](NC(C)=O)C(C)(C)SSC2(C)C)CCOCC1)C(=O)N[C@@H](CC(N)=O)C(=O)N[C@@H](CC(N)=O)C(N)=O,420,270,WO2017011820A2.csv
1035.0,True,CC(=O)NCCCC[C@H](NC(=O)C(C)(C)NC(=O)[C@H](Cc1ccc2ccccc2c1)NC(=O)[C@H](Cc1ccc(OCCN)cc1)NC(=O)[C@H]1NC(=O)[C@H](CCC(N)=O)NC(=O)[C@H](Cc2c[nH]c3ccccc23)NC(=O)[C@H]([C@@H](C)O)NC(=O)[C@H](CC(N)=O)NC(=O)[C@@H](NC(=O)[C@@H](Cc2ccccc2)NC(C)=O)C(C)(C)SSC1(C)C)C(=O)N[C@@H](CC(N)=O)C(=O)N[C@@H](CC(N)=O)C(N)=O,420,420,WO2017011820A2.csv
901.0,True,CC(=O)N[C@H]1CCSC[C@@H](C(=O)N[C@@H](Cc2ccc(OCCN)cc2)C(=O)N[C@@H](Cc2c[nH]c3ccccc23)C(=O)N[C@@](C)(CC(C)C)C(=O)N[C@@H](CCC(=O)O)C(=O)N[C@@H](CC(N)=O)C(=O)NCC(N)=O)NC(=O)[C@H](CCC(N)=O)NC(=O)[C@H](Cc2c[nH]c3ccccc23)NC(=O)[C@H]([C@@H](C)O)NC(=O)[C@H](CCC(N)=O)NC1=O,420,270,WO2017011820A2.csv
894.0,True,CC(=O)N[C@H]1CCSC[C@@H](C(=O)N[C@@H](Cc2ccc(OCCN)cc2)C(=O)N[C@@H](Cc2c[nH]c3ccccc23)C(=O)N[C@@H](CCCN)C(=O)N[C@@H](CCC(=O)O)C(=O)N[C@@H](CC(N)=O)C(=O)NCC(N)=O)NC(=O)[C@H](CCC(N)=O)NC(=O)[C@H](Cc2c[nH]c3ccccc23)NC(=O)[C@H]([C@@H](C)O)NC(=O)[C@H](CCC(N)=O)NC1=O,30,-1,WO2017011820A2.csv
790.0,True,COc1ccc(C[C@H](NC(=O)[C@@H]2CSCC[C@H](NC(C)=O)C(=O)N[C@@H](CCC(N)=O)C(=O)N[C@@H]([C@@H](C)O)C(=O)N[C@@H](Cc3c[nH]c4ccccc34)C(=O)N[C@@H](CCC(N)=O)C(=O)N2)C(=O)N[C@@H](Cc2ccc3ccccc3c2)C(=O)N[C@@](C)(CCCN)C(=O)N[C@@H](CCCCNC(C)=O)C(=O)N[C@@H](CC(N)=O)C(=O)NCC(N)=O)cc1,150,30,WO2017011820A2.csv
970.0,True,CC(=O)N[C@H](Cc1ccccc1)C(=O)N[C@H]1CCSC[C@@H](C(=O)N[C@@H](Cc2ccc(OCCN)cc2)C(=O)N[C@@H](Cc2ccc3ccccc3c2)C(=O)N[C@@](C)(CCCCN)C(=O)N[C@@H](CCC(=O)O)C(=O)N[C@@H](CC(N)=O)C(=O)N[C@@H](CC(N)=O)C(N)=O)NC(=O)[C@H](CCC(N)=O)NC(=O)[C@H](Cc2c[nH]c3ccccc23)NC(=O)[C@H]([C@@H](C)O)NC(=O)[C@H](CCC(N)=O)NC1=O,270,150,WO2017011820A2.csv
797.0,True,CC(=O)NCCCC[C@H](NC(=O)[C@](C)(CCCCN)NC(=O)[C@H](Cc1ccc2ccccc2c1)NC(=O)[C@H](Cc1ccc(C(N)=O)cc1)NC(=O)[C@@H]1CSCC[C@H](NC(C)=O)C(=O)N[C@@H](CCC(N)=O)C(=O)N[C@@H]([C@@H](C)O)C(=O)N[C@@H](Cc2c[nH]c3ccccc23)C(=O)N[C@@H](CCC(N)=O)C(=O)N1)C(=O)N[C@@H](CC(N)=O)C(=O)NCC(N)=O,90,30,WO2017011820A2.csv
794.0,True,CC(=O)NCCCC[C@H](NC(=O)[C@](C)(CCCCN)NC(=O)[C@H](Cc1ccc2ccccc2c1)NC(=O)[C@H](Cc1ccc2ccccc2c1)NC(=O)[C@@H]1CSCC[C@H](NC(C)=O)C(=O)N[C@@H](CCC(N)=O)C(=O)N[C@@H]([C@@H](C)O)C(=O)N[C@@H](Cc2c[nH]c3ccccc23)C(=O)N[C@@H](CCC(N)=O)C(=O)N1)C(=O)N[C@@H](CC(N)=O)C(=O)NCC(N)=O,270,-1,WO2017011820A2.csv
